# Derived from GeoNames (https://www.geonames.org), licensed under CC BY 4.0
# (https://creativecommons.org/licenses/by/4.0/). Generated by
# scripts/geonames/generate.py; do not edit by hand.
# input countryInfo.txt sha256 93bafc525813f22e4711ff9ed6d626343094ce48c26388dc7c49189b3d7d5512
# input timeZones.txt sha256 ea6f8bdcc259c21c562e8f7e7e0b0457cb89403bed60c76aac49ccee9a9ed18c
# input admin1CodesASCII.txt sha256 1da92a6323a5fec3176f3f743bf4cf4040fd56a876da55e46fbca23c863aa60a
# input cities15000.txt sha256 f120517390db730a3437c3ae0b6b82089d96ca893bf6810b535a65c43bd5c5cb
# input alternateNamesV2.txt sha256 45ee80abaad3eba12d4bf31bb4e96cda856d9be5f8c2d219de76a18321d75a00
# geonameid	country	code	name	population	zones	other names
50360	SO	20	Woqooyi Galbeed	820240	Africa/Mogadishu	Gobolka Woqooyi Galbeed|Waqooyi Galbeed Region
51230	SO	19	Togdheer	99270	Africa/Mogadishu	Gobolka Togdheer|Togdheer Region
51966	SO	14	Lower Shabeelle	369303	Africa/Mogadishu	Shabeele Hoose Region|Shabeelle Hoose
51967	SO	13	Middle Shabele	47086	Africa/Mogadishu	Middle Shabeelle|Shabeele Dhexe Region|Shabeelle Dhexe
52187	SO	12	Sanaag	33853	Africa/Mogadishu	Sanaag Region
53477	SO	18	Nugaal	76204	Africa/Mogadishu	Gobolka Nugaal|Nugaal Region
53707	SO	10	Mudug	87200	Africa/Mogadishu	Mudug Region
56083	SO	09	Lower Juba	356122	Africa/Mogadishu	Gobolka Jubbada Hoose|Jubbada Hoose Region|Lower Jubba
56084	SO	08	Middle Juba	61169	Africa/Mogadishu	Juba Dhexe|Jubbada Dhexe Region|Middle Jubba
57060	SO	07	Hiiraan	72338	Africa/Mogadishu	Commissariat de l’Uebi Scebeli|Hiiran Region
58802	SO	06	Gedo	176060	Africa/Mogadishu	Gedo Region
59362	SO	05	Galguduud	250562	Africa/Addis_Ababa|Africa/Mogadishu	Galgadud Region
64538	SO	04	Bay	177631	Africa/Mogadishu	Bay Region
64661	SO	03	Bari	293587	Africa/Mogadishu	Bari Region
64833	SO	02	Banaadir	2587183	Africa/Mogadishu	Banadir Region
64982	SO	01	Bakool	0		Bakool Region
70222	YE	25	Ta‘izz	957394	Asia/Aden	Ta'izz|Taiz Governorate
70935	YE	05	Shabwah	37315	Asia/Aden	Shabwah Governorate
71132	YE	16	Sanaa Governorate	101263	Asia/Aden	
71333	YE	15	Şa‘dah	51870	Asia/Aden	Sa'dah|Saada Governorate
71532	YE	27	Raymah	0		Raymah Governorate
72966	YE	14	Ma’rib	16794	Asia/Aden	Ma'rib|Marib Governorate
73200	YE	10	Al Mahwit Governorate	0		
74222	YE	21	Al Jawf	18241	Asia/Aden	Al Jawf Governorate
75411	YE	04	Muhafazat Hadramaout	616210	Asia/Aden	Hadramaout
76183	YE	11	Dhamār	160114	Asia/Aden	Dhamar
78985	YE	03	Al Mahrah Governorate	0		
79416	YE	08	Al Hudaydah	869711	Asia/Aden	Al Hudaydah Governorate
79838	YE	20	Al Bayda	37821	Asia/Aden	Al Bayda Governorate
80412	YE	02	Aden	1079670	Asia/Aden	Aden Governorate|Aden Municipality|First Governorate|Governorate Number One
80425	YE	01	Abyan Governorate	19879	Asia/Aden	
87204	LY	70	Darnah	127212	Africa/Tripoli	
88318	LY	69	Banghazi	777408	Africa/Tripoli	
88904	LY	66	Al Marj	117878	Africa/Tripoli	
88932	LY	65	Al Kufrah	88129	Africa/Tripoli	Kufra District|distretto di Cufra
89341	IQ	02	Basra	2523698	Asia/Baghdad	Basra Governorate|Parêzgeha Besreyê
89693	IQ	16	Wasit	625385	Asia/Baghdad	Parêzgeha Wasit|Wasit Governorate
91695	IQ	18	Salah ad Din	749486	Asia/Baghdad	Salah Al-Din Governorate|Salah ad Din Governorate|Selahedîn
92877	IQ	15	Nineveh	3988785	Asia/Baghdad	Nineveh Governorate|Parêzgeha Neynewa
93540	IQ	14	Maysan	532711	Asia/Baghdad	Maysan Governorate|Meysan|Parêzgeha Meysan
94823	IQ	12	Karbala	1358310	Asia/Baghdad	Karbala Governorate|Parêzgeha Kerbela
95445	IQ	11	Erbil	2320770	Asia/Baghdad	Erbil Governorate|Hewler Governorate|Hewlêr|Parêzgeha Hewlêr
96965	IQ	10	Diyala	634865	Asia/Baghdad	Diyala Governorate|Parêzgeha Diyaleyê
97019	IQ	09	Dhi Qar	872126	Asia/Baghdad	Zîqar
97270	IQ	08	Duhok	992200	Asia/Baghdad	Dihok|Duhok Governorate|Duhok Province|Parêzgeha Dihokê
98180	IQ	07	Baghdad	9677849	Asia/Baghdad	Baghdad Governorate|Bexdad
98227	IQ	06	Babil	926851	Asia/Baghdad	Babil Governorate|Babylon Governorate|Parêzgeha Babilê
98410	IQ	13	Kirkuk	1052788	Asia/Baghdad	Kerkûk|Kirkuk Governorate|Kirkuk Province|Parêzgeha Kerkûke
98465	IQ	05	Sulaymaniyah	1617572	Asia/Baghdad	Parêzgeha Silêmaniyê|Silêmanî|Sulaymaniyah Governorate
98862	IQ	17	Najaf	615765	Asia/Baghdad	
99022	IQ	04	Al-Qadisiyah	465550	Asia/Baghdad	Al-Diwaniyah Governorate|Al-Qadisiyah Governorate|Parêzgeha Qadisiye
99032	IQ	03	Muthanna	200138	Asia/Baghdad	Muthanna Governorate|Parêzgeha Musena
99592	IQ	01	Anbar	619674	Asia/Baghdad	Al Anbar|Al Anbar Governorate|Al-Anbar Governorate|Anbar Governorate|Anbar Province|Parêzgeha Enbarê
101627	SA	19	Tabuk Region	787089	Asia/Riyadh	
103628	SA	16	Najran Region	528904	Asia/Riyadh	
104514	SA	14	Mecca Region	7302562	Asia/Riyadh	Makkah Province|Makkah Region|Makkah al-Mukarrammah Province
105298	SA	17	Jazan Region	486022	Asia/Riyadh	Jizan Region|Jāzān|Jīzān
106280	SA	13	Ha'il Region	653868	Asia/Riyadh	Ḩā’il
108179	SA	11	'Asir Region	979277	Asia/Riyadh	
108241	SA	06	Eastern Province	3555331	Asia/Riyadh	
108411	SA	10	Riyadh Region	5169567	Asia/Riyadh	Riyadh Province
108933	SA	08	Al-Qassim Region	1193557	Asia/Riyadh	Middle Najd|Qaseem Region
109224	SA	05	Medina Region	2526800	Asia/Riyadh	
109470	SA	20	Al Jawf Region	296903	Asia/Riyadh	Al Jouf
109579	SA	15	Northern Borders Region	255373	Asia/Riyadh	Northern Border|Northern Borders|Northern Boundaries|Northern Boundary|Northern Frontiers Province
109954	SA	02	Al Bahah Region	178744	Asia/Riyadh	
110791	IR	26	Tehran	11684004	Asia/Tehran	Tehran Province
111452	IR	36	Zanjan	512809	Asia/Tehran	Zanjan Province|Zengan
111821	IR	40	Yazd Province	783407	Asia/Tehran	Yezd
116401	IR	25	Semnan	476683	Asia/Tehran	Governorship of Semnan|Semnan Province|Simnan
124544	IR	35	Māzandarān	1539954	Asia/Tehran	Mazandaran|Mazandaran Province|Mazenderan
124763	IR	34	Markazi	1043270	Asia/Tehran	Markazi Province|Merkezî
125605	IR	23	Lorestan Province	1096351	Asia/Tehran	Luristan
126584	IR	16	Kurdistan Province	990357	Asia/Tehran	Parêzgeha Kurdistan
126878	IR	05	Kohgiluyeh and Boyer-Ahmad	303703	Asia/Tehran	Kohgiluyeh and Boyer-Ahmad Province|Kûgîluyî û Buwêr Ehmed
127082	IR	15	Khuzestan	3187689	Asia/Tehran	Khuzestan Province|Xûzistan
128222	IR	13	Kermanshah Province	1069028	Asia/Tehran	Kirmaşan
128231	IR	29	Kerman	1529357	Asia/Tehran	Kerman Province|Kerman province|Kirman
130801	IR	10	Ilam Province	267148	Asia/Tehran	Governorate of Ilam|Îlam|Īlām
131222	IR	11	Hormozgan	674135	Asia/Tehran	Hormozgan Province|Hurmizgan
132142	IR	09	Hamadan Province	928762	Asia/Tehran	Hemedan
133349	IR	08	Gilan Province	1268823	Asia/Tehran	Gîlan|Gīlān
134766	IR	07	Fars	2776529	Asia/Tehran	Fars Province
139677	IR	03	Chaharmahal and Bakhtiari	310999	Asia/Tehran	Chaharmahal and Bakhtiari Province|Çarmihal û Bextiyarî
139816	IR	22	Bushehr	652261	Asia/Tehran	Bushehr Province|Bûşehr
142549	IR	33	East Azerbaijan	2513822	Asia/Tehran	Azerbaycana Rojhilat|East Azarbaijan|East Azerbaijan Province
142550	IR	01	West Azerbaijan	1952827	Asia/Tehran	Azerbaycana Rojava|West Azarbayejan|West Azerbaijan Province|West Azerbijan|Western Azerbaijan
145701	AO	18	Lunda Sul	393000	Africa/Luanda	Lunda Sul Province|Lunda-Sul|Província da Lunda-Sul
145702	AO	17	Luanda Norte	752164	Africa/Luanda	Luanda Norte Province|Lunda Norte
146213	CY	06	Pafos	35961	Asia/Nicosia	Baf İlçesi|Pafos District|Paphos|Paphos District|Páfos
146267	CY	04	Nicosia	353969	Asia/Nicosia	Lefkosia|Lefkosia District|Lefkosía|Lefkoşa İlçesi|Nicosia District
146383	CY	05	Limassol	194556	Asia/Nicosia	Lemesos|Lemesos District|Lemesós|Limasol İlçesi|Limassol District
146398	CY	03	Larnaka	94934	Asia/Nicosia	Larnaca|Larnaca District|Larnaka District|Larnaka İlçesi
146411	CY	02	Keryneia	26701	Asia/Famagusta	Girne İlçesi|Keryneia District|Kerýneia|Kyrenia|Kyrenia District
146615	CY	01	Ammochostos	83258	Asia/Famagusta	Ammochostos District|Ammóchostos|Famagusta|Famagusta District|Gazi Magosa İlçesi|Gazimağusa|Magosa İlçesi
146879	AZ	12	Beyləqan	15599	Asia/Baku	Beylaqan
146900	AZ	69	Zangilan District	0		Zəngilan rayonu
146962	AZ	66	Yardimli District	0		Yardımlı rayonu
147163	AZ	55	Shusha	19400	Asia/Baku	Shusha Rayon|Shushi Shrjan|Şuşa
147269	AZ	49	Salyan District	36555	Asia/Baku	Salyan rayonu
147284	AZ	46	Sabirabad District	30612	Asia/Baku	Sabirabad rayonu
147287	AZ	45	Saatlı	37542	Asia/Baku	Saatli
147310	AZ	13	Bilasuvar District	18182	Asia/Baku	Bilasuvar|Bilasuvar Rayon|Biləsuvar|Biləsuvar rayonu
147422	AZ	36	Neftçala	18661	Asia/Baku	Neftcala
147435	AZ	35	Nakhchivan	114400	Asia/Baku	Nakhchivan Autonomous Republic|Naxçıvan|Naxçıvan Muxtar Respublikası
147551	AZ	32	Masally	0		Masallı rayonu
147610	AZ	31	Lerik District	87000	Asia/Baku	Lerik rayonu
147613	AZ	29	Lənkəran	89300	Asia/Baku	Lankaran
147626	AZ	28	Lachin Rayon	0		Lachin|Laçın|Laçın Rayonu
147694	AZ	43	Qubadlı	0		Qubadli
147983	AZ	24	İmişli	34178	Asia/Baku	Imisli
148107	AZ	18	Fuzuli District	25100	Asia/Baku	Füzuli Rayonu
148140	AZ	14	Jabrayil	0		Cəbrayıl|Jabrayil District
148155	AZ	15	Jalilabad	36259	Asia/Baku	Cəlilabad rayonu|Jalilabad District
148442	AZ	08	Astara	15190	Asia/Baku	Astara District|Astara rayonu
148449	AZ	64	Khojaly	0		Khojaly Rayon|Xocalı|Xocalı Rayonu
148615	AZ	02	Ağcabǝdi	41200	Asia/Baku	Aghjabadi Rayon
148617	AZ	03	Ağdam	37700	Asia/Baku	Agdam|Ağdam Rayonu
148679	TZ	19	Kagera	433784	Africa/Dar_es_Salaam	Mkoa wa Kagera
148724	TZ	25	Zanzibar Urban/West	709809	Africa/Dar_es_Salaam	Mjini Magharibi|Mkoa wa Mjini Magharibi
148725	TZ	22	Zanzibar North	30762	Africa/Dar_es_Salaam	Kaskazini Unguja|Mkoa wa Kaskazini Unguja
148728	TZ	21	Zanzibar Central/South	25821	Africa/Dar_es_Salaam	Kusini Unguja|Mkoa wa Kusini Unguja
149595	TZ	18	Tanga	747732	Africa/Dar_es_Salaam	Mkoa wa Tanga
149653	TZ	17	Tabora	616417	Africa/Dar_es_Salaam	Mkoa wa Tabora
149876	TZ	16	Singida	499546	Africa/Dar_es_Salaam	Mkoa wa Singida
150004	TZ	15	Shinyanga	745142	Africa/Dar_es_Salaam	Mkoa wa Shinyanga
150442	TZ	24	Rukwa	442976	Africa/Dar_es_Salaam	Mkoa wa Rukwa|Rukwa Region
150602	TZ	02	Pwani	769240	Africa/Dar_es_Salaam	Coast|Coast Region|Mkoa wa Pwani|Pwani Region
150732	TZ	20	Pemba South	75766	Africa/Dar_es_Salaam	Kusini Pemba|Mkoa wa Kusini Pemba
150733	TZ	13	Pemba North	35951	Africa/Dar_es_Salaam	Kaskazini Pemba|Mkoa wa Kaskazini Pemba
152219	TZ	12	Mwanza	1382093	Africa/Dar_es_Salaam	Mkoa wa Mwanza|Mwanza Region
153214	TZ	10	Morogoro	1118442	Africa/Dar_es_Salaam	Mkoa wa Morogoro|Morogoro Region
154375	TZ	09	Mbeya	1000968	Africa/Dar_es_Salaam	Mkoa wa Mbeya
154775	TZ	08	Mara	687437	Africa/Dar_es_Salaam	Mkoa wa Mara
155946	TZ	07	Lindi	198958	Africa/Dar_es_Salaam	Lindi Region|Mkoa wa Lindi
157449	TZ	06	Kilimanjaro	369601	Africa/Dar_es_Salaam	Mkoa wa Kilimanjaro
157732	TZ	05	Kigoma	604670	Africa/Dar_es_Salaam	Kigoma Region|Mkoa wa Kigoma
159067	TZ	04	Iringa	383956	Africa/Dar_es_Salaam	Mkoa wa Iringa
160192	TZ	03	Dodoma	945202	Africa/Dar_es_Salaam	Mkoa wa Dodoma
160260	TZ	23	Dar es Salaam Region	5402814	Africa/Dar_es_Salaam	Mkoa wa Dar es Salaam
161322	TZ	26	Arusha	819025	Africa/Dar_es_Salaam	Mkoa wa Arusha
162152	TM	02	Balkan	313951	Asia/Ashgabat	Balkan Province|Balkan welaýaty|Bolqon viloyati
162181	TM	01	Ahal	271175	Asia/Ashgabat	Ahal Province|Ahal viloyati|Ahal welaýaty
162182	TM	S	Ashgabat	1048211	Asia/Ashgabat	Ashxabat|Aşgabat
163342	SY	14	Tartus	525208	Asia/Damascus	Gouvernorat de Tartous|Tartus Governorate
167541	SY	13	Damascus Governorate	1669393	Asia/Damascus	Damascus City|Gouvernorat de Damas
169387	SY	12	Idlib	435557	Asia/Damascus	Gouvernorat d'Idleb|Idlib Governorate|Parêzgeha Îdlibê|Îdlib
169575	SY	11	Homs	1042445	Asia/Damascus	Gouvernorat de Homs|Homs Governorate|Ḩimş
170015	SY	10	Hama	710552	Asia/Damascus	Gouvernorat de Hama|Hama Governorate|Hamah Governorate
170062	SY	09	Aleppo	2773557	Asia/Damascus	Aleppo Governorate|Gouvernorat d'Alep|Parêzgeha Helebê
170652	SY	08	Rif-dimashq	802118	Asia/Damascus	Damascus Countryside|Gouvernorat de Rif Dimachq|Rif Dimashq|Rif-dimashq Governorate
170792	SY	07	Deir ez-Zor	438657	Asia/Damascus	Deir ez-Zor Governorate|Gouvernorat de Deir ez-Zor|Parêzgeha Dêrezor
170903	SY	06	Daraa	340457	Asia/Damascus	Daraa Governorate|Gouvernorat de Deraa
172410	SY	05	Suwayda	59052	Asia/Damascus	Gouvernorat de Soueïda|Suwayda Governorate|Sweida Governorate
172957	SY	04	Raqqa	619832	Asia/Damascus	Gouvernorat de Raqqa|Parêzgeha Reqa|Raqqa Governorate
173336	SY	03	Quneitra	36143	Asia/Damascus	Quneitra Governorate
173578	SY	02	Latakia	804915	Asia/Damascus	Gouvernorat de Lattaquié|Latakia Governorate
173813	SY	01	Al-Hasakah	681289	Asia/Damascus	Al-Hasakah Governorate|Gouvernorat de Hassaké|Parêzgeha Hesîçe
178145	KE	55	West Pokot County	84469	Africa/Nairobi	Kaunti ya Pokot Magharibi
178440	KE	54	Wajir County	139715	Africa/Nairobi	Kaunti ya Wajir
178837	KE	52	Uasin Gishu County	492071	Africa/Nairobi	Kaunti ya Uasin Gishu
178914	KE	51	Turkana County	105954	Africa/Nairobi	Kaunti ya Turkana
179068	KE	50	Trans Nzoia	178734	Africa/Nairobi	
179380	KE	49	Tharaka - Nithi	22388	Africa/Nairobi	
179585	KE	48	Tana River County	64554	Africa/Nairobi	Kaunti ya Tana River
180320	KE	46	Siaya County	55865	Africa/Nairobi	Wilaya ya Siaya
180782	KE	45	Samburu County	31350	Africa/Nairobi	Kaunti ya Samburu
184742	KE	05	Nairobi County	4903502	Africa/Nairobi	Kaunti ya Nairobi
185578	KE	38	Murang'A	281742	Africa/Nairobi	
186298	KE	37	Mombasa County	1371748	Africa/Nairobi	Kaunti ya Mombasa
186824	KE	35	Meru County	102312	Africa/Nairobi	Kaunti ya Meru
187583	KE	34	Marsabit County	84139	Africa/Nairobi	Kaunti ya Marsabit
187895	KE	33	Mandera County	255493	Africa/Nairobi	Kaunti ya Mandera
189794	KE	29	Laikipia	110463	Africa/Nairobi	Wilaya ya Laikipia
190106	KE	28	Kwale County	288192	Africa/Nairobi	Kaunti ya Kwale
191037	KE	27	Kitui County	46087	Africa/Nairobi	Kaunti ya Kitui
191242	KE	26	Kisumu County	413174	Africa/Nairobi	Wilaya ya Kisumu
191298	KE	25	Kisii County	132417	Africa/Nairobi	Wilaya ya Kisii Kati
191420	KE	24	Kirinyaga County	81767	Africa/Nairobi	Wilaya ya Kirinyaga
192064	KE	23	Kilifi County	344378	Africa/Nairobi	Kaunti ya Kilifi
192709	KE	22	Kiambu County	1534887	Africa/Nairobi	Kaunti ya Kiambu
192898	KE	21	Kericho County	53804	Africa/Nairobi	Wilaya ya Kericho
195271	KE	20	Kakamega County	2026358	Africa/Nairobi	Wilaya ya Kakamega
196228	KE	18	Isiolo County	96093	Africa/Nairobi	Kaunti ya Isiolo
197744	KE	16	Garissa County	163399	Africa/Nairobi	Kaunti ya Garissa
198474	KE	15	Embu County	64979	Africa/Nairobi	Kaunti ya Embu
199987	KE	13	Busia County	128361	Africa/Nairobi	Wilaya ya Busia
200066	KE	12	Bungoma County	166723	Africa/Nairobi	Wilaya ya Bungoma
200573	KE	10	Baringo	46046	Africa/Nairobi	Wilaya ya Baringo
204697	CD	31	Tshuapa	50794	Africa/Kinshasa	Mkoa wa Tshuapa|Tshuapa Province
204704	CD	30	Tshopo	1822337	Africa/Lubumbashi	Mkoa wa Tshopo|Tshopo District
205253	CD	29	Tanganyika	718767	Africa/Lubumbashi	Mkoa wa Tanganyika
205413	CD	12	South Kivu	1260937	Africa/Lubumbashi	Kivu ya Sidi|Kivu ya Sudi|Mkoa wa Kivu Kusini|South Kivu Province|Sud-Kivu
205828	CD	27	Sankuru	187319	Africa/Lubumbashi	Kizûnga Sankuru|Mkoa wa Sankuru
206938	CD	11	North Kivu	1055414	Africa/Lubumbashi	Kivu ya Node|Kivu ya Nole|Mkoa wa Kivu Kaskazini|Nord-Kivu
208741	CD	25	Mongala	368840	Africa/Kinshasa	Kizunga Mongala|Mkoa wa Mongala|Mongala District
209610	CD	10	Maniema	353314	Africa/Lubumbashi	Maniema Province|Mkoa wa Maniema
210596	CD	23	Kasai-Central	1293967	Africa/Lubumbashi	Kasaï central|Kizunga Luluwa|Mkoa wa Lulua
214138	CD	04	East Kasai	2225354	Africa/Lubumbashi	Kasai ya Monyɛlɛ|Kasai-Mashariki|Kasai-Oriental|Kasaï-Oriental|Kasâyi ya Esete
214140	CD	18	Kasai	878484	Africa/Lubumbashi	Kasaï Province
215709	CD	17	Ituri	531525	Africa/Lubumbashi	Mkoa wa Ituri
216140	CD	16	Haut-Uele	420635	Africa/Lubumbashi	Mkoa wa Wele Juu|Uwele ya Minani|Wɛlɛ ya Likólo
216141	CD	15	Haut-Lomami	546957	Africa/Lubumbashi	
216661	CD	02	Équateur	575800	Africa/Kinshasa	Ekwatelo|Equateur|Mkoa wa Équateur|Équateur Province
219402	CD	13	Bas-Uele	160048	Africa/Lubumbashi	Mkoa wa Wele Chini|Uwele ya Mitiu|Wɛlɛ ya Nsé
220781	DJ	05	Tadjourah	19533	Africa/Djibouti	Tadjourah Region|Tajuurah
221525	DJ	04	Obock	15429	Africa/Djibouti	Cercle d'Obock|Obock Region|Obok|Région d'Obock|Région dObock
223818	DJ	07	Djibouti	1180862	Africa/Djibouti	Djibouti City|Jabuuti
223889	DJ	06	Dikhil	32801	Africa/Djibouti	Dikhil Region
225282	DJ	01	Ali Sabieh	50006	Africa/Djibouti	Ali Sabieh Region
234594	UG	C	Central Region	5518226	Africa/Kampala	Mkoa wa Kati
236178	CF	14	Vakaga	0		Sêse tî kömändâ-kötä tî Vakaga|Vakaga Prefecture
236887	CF	11	Ouaka	147923	Africa/Bangui	Ouaka Prefecture|Sêse tî kömändâ-kötä tî Wäkä
237556	CF	08	Mbomou	54059	Africa/Bangui	Mbomou Prefecture|Sêse tî kömändâ-kötä tî Mbömü
238639	CF	05	Haut-Mbomou	17829	Africa/Bangui	Haut-Mbomou Prefecture|Sêse tî kömändâ-kötä tî Tö-Mbömü
238640	CF	03	Haute-Kotto	47226	Africa/Bangui	Haute-Kotto Prefecture|Sêse tî kömändâ-kötä tî Tö-Kötö
240396	CF	02	Basse-Kotto	32588	Africa/Bangui	Basse-Kotto Prefecture|Sêse tî kömändâ-kötä tî Do-Kötö
240591	CF	01	Bamingui-Bangoran	27071	Africa/Bangui	Bamingui-Bangoran Prefecture|Sêse tî kömändâ-kötä tî Bamïngï-Bangoran
241151	SC	23	Takamaka	0		
241181	SC	22	Saint Louis	0		
241215	SC	27	Port Glaud	0		
241221	SC	20	Pointe La Rue	0		
241224	SC	19	Plaisance	0		
241251	SC	18	Mont Fleuri	0		
241252	SC	17	Mont Buxton	0		
241302	SC	26	La Rivière Anglaise	22881	Indian/Mahe	La Riviere Anglaise
241311	SC	25	La Digue and Inner Islands	0		district de La Digue and Inner Islands
241330	SC	24	Grand Anse Mahe	0		
241331	SC	14	Grand Anse Praslin	0		
241336	SC	12	Glacis	0		
241396	SC	11	Cascade	0		
241424	SC	10	Bel Ombre	0		
241426	SC	09	Bel Air	0		
241428	SC	08	Beau Vallon	0		
241438	SC	07	Baie Sainte Anne	0		
241439	SC	06	Baie Lazare	0		
241444	SC	05	Anse Royale	0		
241447	SC	03	Anse Etoile	0		
241449	SC	02	Anse Boileau	0		
241450	SC	01	Anse-aux-Pins	0		Anse aux Pins
242048	TD	13	Salamat	74691	Africa/Ndjamena	Région du Salamat|Salamat Region
242246	TD	12	Ouadaï	161933	Africa/Ndjamena	Ouadai|Ouadaï Region|Ouaddaï|Région du Ouaddaï
244877	TD	02	Wadi Fira	81512	Africa/Ndjamena	Région du Wadi Fira|Wadi Fira Region
248380	JO	19	Ma’an	72931	Asia/Amman	Ma'an|Ma'an Governorate
248944	JO	18	Irbid	780974	Asia/Amman	Irbid Governorate
250092	JO	17	Zarqa	1111833	Asia/Amman	Zarqa Governorate
250199	JO	12	Tafielah	25429	Asia/Amman	Tafilah Governorate
250439	JO	16	Amman	2114760	Asia/Amman	Amman Governorate
250583	JO	15	Mafraq	142118	Asia/Amman	Mafraq Governorate
250625	JO	09	Karak	59634	Asia/Amman	District of Karak
250751	JO	02	Balqa	295560	Asia/Amman	Balqa Governorate
273607	LB	05	Mount Lebanon	247099	Asia/Beirut	Mont Liban
276780	LB	04	Beirut	3167839	Asia/Beirut	Beyrouth
278297	LB	09	North Lebanon	249398	Asia/Beirut	Liban-Nord
279894	LB	06	South Governorate	373668	Asia/Beirut	Gouvernorat du Liban-Sud|Liban-Sud
280282	LB	08	Bekaa	78145	Asia/Beirut	
281132	PS	GZ	Gaza Strip	1188568	Asia/Gaza	
285153	PS	WE	West Bank	1528957	Asia/Hebron|Asia/Jerusalem	
285628	KW	08	Hawalli	441576	Asia/Kuwait	
285788	KW	02	Al Asimah	114096	Asia/Kuwait	Capital Governorate
285798	KW	05	Al Jahra Governorate	24281	Asia/Kuwait	
285816	KW	07	Al Farwaniyah	105021	Asia/Kuwait	
285841	KW	04	Al Aḩmadī	838043	Asia/Kuwait	Al Ahmadi|Al Ahmadi Governorate
290333	BH	15	Muharraq	176583	Asia/Bahrain	
290595	AE	07	Umm Al Quwain	59098	Asia/Dubai	
291075	AE	05	Ras Al Khaimah	351943	Asia/Dubai	Emirate of Ras Al Khaimah
292224	AE	03	Dubai	6204998	Asia/Dubai	
292673	AE	06	Sharjah	2087358	Asia/Dubai	Emirate of Sharjah|Sharjah Emirate
292879	AE	04	Fujairah	308638	Asia/Dubai	Emirate of Fujairah|Fujairah Emirate
292933	AE	02	Ajman	621035	Asia/Dubai	Ajman Emirate
292969	AE	01	Abu Dhabi	3298152	Asia/Dubai	Abu Dhabi Emirate
293198	IL	06	Jerusalem	1637683	Asia/Jerusalem	Jerusalem District|Meẖoz Yerushalayim
293396	IL	05	Tel Aviv	1583550	Asia/Jerusalem	Meẖoz Tel Aviv|Tel Aviv District
294800	IL	04	Haifa	912629	Asia/Jerusalem	Haifa District
294824	IL	03	Northern District	767158	Asia/Jerusalem	Meẖoz HaTsafon|Meẖoz HaẔafon
294904	IL	02	Central District	1917404	Asia/Jerusalem	Meẖoz HaMerkaz
294952	IL	01	Southern District	967248	Asia/Jerusalem	Meẖoz HaDarom
296560	TR	66	Yozgat	209085	Europe/Istanbul	Yozgat Province|Yozqat ili|Yozğat
298113	TR	65	Van	616931	Europe/Istanbul	Van Province|Van ili|Van İli|Wan|Wılayetê Wani
298298	TR	64	Uşak	386513	Europe/Istanbul	Usak|Uşak Province|Uşak ili
298332	TR	63	Şanlıurfa	1026609	Europe/Istanbul	Riha|Rıha|Sanliurfa|Şanlıurfa Province|Şanlıurfa ili
298845	TR	62	Tunceli	119527	Europe/Istanbul	Dêrsim|Mamekiye|Tunceli Province|Tunceli İli|Tuncəli ili
300617	TR	58	Sivas	330558	Europe/Istanbul	Sivas Province|Sivas ili|Sêwas|Sêwaz
300821	TR	74	Siirt	146148	Europe/Istanbul	Siirt Province|Siirt ili|Sêrt
303826	TR	73	Niğde Province	123474	Europe/Istanbul	Nigde Province|Niğda|Niğde|Niğdə ili
303830	TR	50	Nevşehir Province	92169	Europe/Istanbul	Nevsehir Province|Nevşehir|Nevşəhər ili|Newşeher
304041	TR	49	Muş	158765	Europe/Istanbul	Mus|Muş Province|Muş ili|Mûş
304183	TR	48	Muğla	359549	Europe/Istanbul	Mugla|Muğla Province|Muğla ili
304794	TR	72	Mardin	498148	Europe/Istanbul	Mardin Province|Mardin ili|Merdin|Mêrdîn
304825	TR	45	Manisa	772361	Europe/Istanbul	Manisa Province|Manisa vilayəti|Manisa İli|Wılayeta Manisa
304919	TR	44	Malatya	793942	Europe/Istanbul	Malatya Province|Malatya ili|Malatya İli|Meledî|Meletiye
305267	TR	43	Kütahya	317969	Europe/Istanbul	Kuetahya|Kütahya Province|Kütahya vilayəti
306569	TR	71	Konya	1955146	Europe/Istanbul	Konya Province|Konya ili|Konya İli|Qonya|Qonye
307513	TR	40	Kırşehir	195827	Europe/Istanbul	Kirsehir|Kırşehir Province|Kırşəhər ili|Qırşeher
308463	TR	38	Kayseri	1571402	Europe/Istanbul	Kayseri Province|Kayseri ili|Qeyseriye
310858	TR	46	Kahramanmaraş	578645	Europe/Istanbul	Gurgum|Kahramanmaras|Kahramanmaraş Province|Mereş|Qəhrəmanmərəş ili
311044	TR	35	İzmir Province	5468581	Europe/Istanbul	Izmir Province|İzmir|İzmir ili
311071	TR	33	Isparta	277060	Europe/Istanbul	Isparta Province|Isparta İli|İsparta ili
311728	TR	32	Mersin	1217974	Europe/Istanbul	Mersin Province|Mersin ili|Mêrsîn
312394	TR	31	Hatay	1184327	Europe/Istanbul	Hatay Province|Hatay ili|Xetay
312888	TR	70	Hakkâri	168406	Europe/Istanbul	Hakkari|Hakkari ili|Hakkâri Province|Hekari|Hekarî
314829	TR	83	Gaziantep	2304723	Europe/Istanbul	Entab|Gaziantep Province|Qazianteb|Qaziantep ili
315201	TR	26	Eskişehir	921630	Europe/Istanbul	Eskisehir|Eskişeher|Eskişehir Province|Əskişəhər ili
315367	TR	25	Erzurum	919929	Europe/Istanbul	Erzurum Province|Erzîrom|Ərzurum ili
315372	TR	24	Erzincan	190305	Europe/Istanbul	Erzincan Province|Erzıngan|Ezirgan|Ərzincan ili
315807	TR	23	Elazığ	511996	Europe/Istanbul	Elazig|Elazığ Province|Elazığ ili|Parezgah Zilan|Wılayetê Xarpêti
316540	TR	21	Diyarbakır Province	2090697	Europe/Istanbul	Diyarbakir Province|Diyarbakır|Diyarbekir|Diyarbekır|Diyarbəkir ili
317106	TR	20	Denizli	629685	Europe/Istanbul	Denizli Province|Dənizli vilayəti
320390	TR	15	Burdur	124670	Europe/Istanbul	Burdur Province|Burdur ili|Burdur İli
321022	TR	13	Bitlis	284849	Europe/Istanbul	Bidlîs|Bitlis Province|Bitlis ili|Bitlis İli|Bıdlis
321079	TR	12	Bingöl	166731	Europe/Istanbul	Bingoel|Bingöl Province|Bingöl ili|Bîngol|Wılayetê Çoligi
321122	TR	11	Bilecik	145530	Europe/Istanbul	Bilecik Province|Biləcik ili
322164	TR	10	Balıkesir	615675	Europe/Istanbul	Balikesir|Balıkesir Province|Balıkəsir ili
322819	TR	09	Aydın	479698	Europe/Istanbul	Aydin|Aydın Province|Aydın ili
323776	TR	07	Antalya	2569634	Europe/Istanbul	Antalya Province|Antalya ili
323784	TR	68	Ankara	5188838	Europe/Istanbul	Ankara Province|Ankara ili|Anqara|parêzgeha Enqereyê
325163	TR	04	Ağrı	300277	Europe/Istanbul	Agirî|Agri|Ağrı Province|Ağrı ili
325302	TR	03	Afyonkarahisar Province	440287	Europe/Istanbul	Afyonkarahisar|Afyonqarahisar ili|parêzgeha Afyonkarahisarê
325329	TR	02	Adıyaman Province	484881	Europe/Istanbul	Adiyaman Province|Adiyeman|Adıyaman|Adıyaman ili|Semsur
325361	TR	81	Adana	2111456	Europe/Istanbul	Adana Province|Adana ili|Edene
347794	EG	24	Sohag	1167115	Africa/Cairo	Sohag Governorate|Sūhāj
349401	EG	27	North Sinai	296501	Africa/Cairo	North Sinai Governorate|Sinaï Nord
350546	EG	23	Qena	1198237	Africa/Cairo	Qena Governorate
352603	EG	22	Matruh	322199	Africa/Cairo	Gouvernorat de Matrouh|Matruh Governorate
354500	EG	21	Kafr el-Sheikh	885581	Africa/Cairo	Gouvernorat de Kafr el-Cheik|Kafr el-Sheikh Governorate
355182	EG	26	South Sinai	76763	Africa/Cairo	Sinaï Sud
358044	EG	20	Damietta	577097	Africa/Cairo	Damietta Governorate|Damiette
358617	EG	19	Port Said	1361790	Africa/Cairo	Port Said Governorate|Port-Saïd
359171	EG	18	Beni Suweif	881644	Africa/Cairo	Beni Suweif Governorate|Béni Souef
359781	EG	17	Asyut	1299639	Africa/Cairo	Assiout|Asyut Governorate|Asyūţ
359787	EG	16	Aswan	984915	Africa/Cairo	Assouan|Aswan Governorate
359797	EG	15	Suez	790645	Africa/Cairo	Suez Governorate
360016	EG	14	Sharqia	2071191	Africa/Cairo	Charqia|Eastern Province|Sharqia Province
360483	EG	13	New Valley	231907	Africa/Cairo	New Valley Governorate|la Nouvelle-Vallée
360621	EG	12	Qalyubia	2534540	Africa/Cairo	Qalyubia Governorate|Qalyubiya
360631	EG	11	Cairo	11334660	Africa/Cairo	Cairo Governorate|Le Caire
360688	EG	10	Minya	1195275	Africa/Cairo	Minya Governorate
360689	EG	09	Monufia	955433	Africa/Cairo	Menufeya|Monufia Governorate
360997	EG	08	Giza	5565203	Africa/Cairo	Giza Governorate|Gizeh
361056	EG	07	Ismailia	496339	Africa/Cairo	Gouvernorat d'Ismaïlia|Ismailia Governorate
361059	EG	06	Alexandria	5369848	Africa/Cairo	Alexandria Governorate|Alexandrie
361294	EG	05	Gharbia	1605130	Africa/Cairo	Gharbeya|Gharbia Governorate
361323	EG	04	Faiyum	968027	Africa/Cairo	Faiyum Governorate|Fayoum
361370	EG	03	Beheira	1676699	Africa/Cairo	
361468	EG	02	Red Sea	452737	Africa/Cairo	Mer Rouge
361849	EG	01	Dakahlia	2133436	Africa/Cairo	Dakahleya|Dakahlia Governorate
378389	SD	43	Northern State	91485	Africa/Khartoum	Northern|The Northern State
379253	SD	29	Khartoum	4836517	Africa/Khartoum	Khartoum State
381229	SS	07	Upper Nile	160765	Africa/Juba	Upper Nile State
389462	QA	08	Madinat ash Shamal	0		
389465	QA	04	Al Khor	18923	Asia/Qatar	Jor
389467	QA	09	Umm Salal	29391	Asia/Qatar	Umm Salal Municipality
389469	QA	06	Baladiyat ar Rayyan	333297	Asia/Qatar	
389470	QA	01	Baladiyat ad Dawhah	865645	Asia/Qatar	
389472	QA	10	Al Wakrah	26436	Asia/Qatar	
408646	SD	36	Red Sea	635705	Africa/Khartoum	Red Sea State
408647	SS	04	Lakes	32083	Africa/Juba	El Buhayrat|Lakes State
408648	SD	38	Al Jazirah	554138	Africa/Khartoum	Al Jazirah State|Gezira|Gezira State
408649	SD	39	Al Qaḑārif	508585	Africa/Khartoum	Al Qadarif|Al Qadarif State
408650	SS	06	Unity	17827	Africa/Juba	Unity State
408653	SD	41	White Nile	665643	Africa/Khartoum	White Nile State
408654	SD	42	Blue Nile	244763	Africa/Khartoum	Blue Nile State
408655	SS	01	Central Equatoria	710720	Africa/Juba	Central Equatoria State
408656	SS	10	Western Equatoria	40382	Africa/Juba	Equatoria|Western Equatoria State
408657	SS	09	Western Bahr al Ghazal	143384	Africa/Juba	Western Bahr el Ghazal|Western Bahr el Ghazal State
408658	SD	47	Western Darfur	352882	Africa/Khartoum	West Darfur|West Darfur State|Western Darfur State
408659	SD	62	West Kordofan	247235	Africa/Khartoum	West Kordofan State|Western Kordofan|Western Kordofan State
408660	SD	49	Southern Darfur	873037	Africa/Khartoum	South Darfur|South Darfur State|Southern Darfur State
408661	SD	50	Southern Kordofan	219963	Africa/Khartoum	South Kordofan|South Kordofan State|Southern Kordofan State
408662	SS	03	Jonglei	26782	Africa/Juba	Jonglei State
408663	SD	52	Kassala	465066	Africa/Khartoum	Kassala State
408664	SD	53	River Nile	325052	Africa/Khartoum	River Nile State
408665	SS	05	Northern Bahr al Ghazal	338745	Africa/Juba	Northern Bahr el Ghazal|Northern Bahr el Ghazal State
408666	SD	55	Northern Darfur	379844	Africa/Khartoum	North Darfur|North Darfur State|Northern Darfur State
408667	SD	56	North Kordofan	503631	Africa/Khartoum	North Kordofan State|Northern Kordofan State|Shamāl Kurdufān
408668	SS	02	Eastern Equatoria	69048	Africa/Juba	Eastern Equatoria State
408669	SD	58	Sennar	529619	Africa/Khartoum	Sennar State|Sinnar|Sinnar State|Sinnār
408670	SS	08	Warrap	139938	Africa/Juba	Warab State|Warrap State
409313	AM	02	Ararat	63534	Asia/Yerevan	Ararat Province
409314	AM	08	Syunik	50492	Asia/Yerevan	Syunik Province|Syunik’|Syunik’i Marz
409315	AM	10	Vayots Dzor	0		Vayots Dzor Province|Vayots’ Dzori Marz
409417	AZ	07	Shirvan	70220	Asia/Baku	Şirvan
409418	AZ	30	Lankaran Sahari	0		Lənkəran
409419	AZ	56	Shusha City	0		Şuşa Şəhəri
409420	AZ	57	Tartar District	20400	Asia/Baku	Tərtər rayonu
409421	AZ	61	Xankǝndi	0		Xankandi Sahari|Xankəndi|Xankəndi Şəhəri
409423	AZ	65	Khojavend	0		Khojavend District|Xocavənd|Xocavənd Rayonu
411735	OM	01	Ad Dakhiliyah	329344	Asia/Muscat	Ad Dakhiliyah Governorate
411736	OM	02	Al Batinah South	201647	Asia/Muscat	Al Batinah South Governorate
411737	OM	03	Al Wusta Governorate	0		
411738	OM	04	Southeastern Governorate	86211	Asia/Muscat	Ash Sharqiyah South Governorate
411739	OM	09	Ad Dhahirah	180072	Asia/Muscat	Ad Dhahirah Governorate
411740	OM	06	Muscat	1714268	Asia/Muscat	Muscat Governorate
411741	OM	07	Musandam Governorate	17904	Asia/Muscat	
411742	OM	08	Dhofar	163140	Asia/Muscat	
413931	IR	32	Ardabil Province	667849	Asia/Tehran	Erdebîl
418862	IR	28	Isfahan	4031453	Asia/Tehran	Isfahan Province|Îsfehan
422233	BI	17	Makamba	0		Makamba Province|Province de Makamba|iProvense ya Makamba
423327	BI	10	Bururi	29685	Africa/Bujumbura	Bururi Province|Province de Bururi|iProvense ya Bururi
425550	BI	22	Muramvya	0		Muramvya Province|Province de Muramvya|iProvense ya Muramvya
426271	BI	13	Gitega	108735	Africa/Bujumbura	Gitega Province|Province de Gitega|iProvense ya Gitega
426699	BI	21	Ruyigi	0		Province de Ruyigi|Ruyigi Province|iProvense ya Ruyigi
427700	BI	11	Cankuzo	32458	Africa/Bujumbura	Cankuzo Province|Province de Cankuzo|iProvense ya Cankuzo
428514	BI	09	Bubanza	89909	Africa/Bujumbura	Bubanza Province|Province de Bubanza|iProvense ya Bubanza
430020	BI	12	Cibitoke	36959	Africa/Bujumbura	Cibitoke Province|Province de Cibitoke|iProvense ya Cibitoke
430567	BI	19	Ngozi	61716	Africa/Bujumbura	Ngozi Province|Province de Ngozi|iProvense ya Ngozi
430951	BI	15	Kayanza	33682	Africa/Bujumbura	Kayanza Province|Province de Kayanza|iProvense ya Kayanza
431747	BI	18	Muyinga	0		Muyinga Province|Province de Muyinga|iProvense ya Muyinga
432455	BI	16	Kirundo	15511	Africa/Bujumbura	Kirundo Province|Province de Kirundo|iProvense ya Kirundo
434147	BI	20	Rutana	0		Province de Rutana|Rutana Province|iProvense ya Rutana
435764	TZ	27	Manyara	276309	Africa/Dar_es_Salaam	Manyara Region|Mkoa wa Manyara
443120	JO	20	Ajloun	143191	Asia/Amman	Ajloun Governorate
443121	JO	22	Jerash	27046	Asia/Amman	Jerash Governorate
443122	JO	21	Aqaba	95048	Asia/Amman	
443123	JO	23	Madaba	82335	Asia/Amman	Madaba Governorate
443183	TR	91	Osmaniye	273085	Europe/Istanbul	Osmaniye Province|Osmaniyə ili|Usmaniya
443184	TR	88	Iğdır	119205	Europe/Istanbul	Igdir|Iğdır Province|Îdir|İğdır ili
443185	TR	75	Aksaray	358719	Europe/Istanbul	Aksaray Province|Aksaray İli|Aqseraiye|Ağsaray ili
443186	TR	76	Batman	481659	Europe/Istanbul	Batman Province|Batman ili|Batman İli
443187	TR	78	Karaman	192376	Europe/Istanbul	Karaman Province|Karaman ili|Karaman İli|Qereman
443188	TR	79	Kırıkkale	236639	Europe/Istanbul	Kirikkale|Kırıkkale Province|Kırıkkale ili|Qırıxqele
443189	TR	80	Şırnak	339308	Europe/Istanbul	Sirnak|Şirnex|Şırnak Province|Şırnaq|Şırnaq ili
443213	TR	90	Kilis	111648	Europe/Istanbul	Kilis Province|Kilis ili|Kilîs|Kılis
443289	LY	63	Al Jabal al Akhdar	158645	Africa/Tripoli	
443792	IR	37	Golestan	790020	Asia/Tehran	Golestan Province|Gulistan
443793	IR	38	Qazvin Province	776499	Asia/Tehran	Qazwên
443794	IR	39	Qom Province	1000000	Asia/Tehran	Qûm
444178	ET	44	Addis Ababa	3860000	Africa/Addis_Ababa	Ādīs Ābeba|Ādīs Ābeba Āstedader
444179	ET	45	Āfar	292800	Africa/Addis_Ababa	Afar|Afar Region|Afar Regional State|Naannoo Affaar|The State of Afar|Āfar Kilil
444180	ET	46	Amhara	3333279	Africa/Addis_Ababa	Naannoo Amaaraa|The State of Amhara|Āmara Kilil
444181	ET	47	Bīnshangul Gumuz	141400	Africa/Addis_Ababa	Beneshangual Gumz Regional State|Benishangul-Gumuz Region|Binshangul Gumuz|Bīnshangul Gumuz Kilil|Naannoo Benishaangul-Gumuz
444182	ET	48	Dire Dawa	343000	Africa/Addis_Ababa	Diridhabe|Dirre Dhawaa|Dirē Dawa Āstedader
444183	ET	49	Gambela	97600	Africa/Addis_Ababa	Gambela Regional State|Gambella Region|Gambēla Hizboch Kilil|Naannoo Gaambeellaa|The State of Gambela Peoples
444184	ET	50	Harari	157000	Africa/Addis_Ababa	Harari Region|Harari Regional State|Hārerī Hizb Kilil|Naannoo Hararii|The State of Harari People
444185	ET	51	Oromiya	4260295	Africa/Addis_Ababa	Oromia Regional State|Oromiyaa|Oromīya Kilil|The State of Oromia
444186	ET	52	Somali	1625903	Africa/Addis_Ababa	Naannoo Sumaalee|Somalia Regional State|Soomaali Galbeed|Sumalē Kilil|The State of Somalia
444187	ET	53	Tigray	1334200	Africa/Addis_Ababa	Naannoo Tigraay|The State of Tigray|Tigray Kilil|Tigray Regional State
444191	LB	07	Nabatieh	218433	Asia/Beirut	Nabatiyé
448254	MU	21	Agalega Islands	0		îles Agaléga
448408	SC	29	Les Mamelles	0		
448409	SC	30	Roche Caiman	0		Roche Caïman
448410	SC	28	Au Cap	0		
448497	ER	01	Anseba	74800	Africa/Asmara	Anseba Region|Zoba Ānseba
448498	ER	02	Debub	53454	Africa/Asmara	Debub Region
448499	ER	03	Southern Red Sea	21300	Africa/Asmara	Southern Red Sea Region
448500	ER	04	Gash-Barka	61991	Africa/Asmara	Gash-Barka Region|Zoba Gash-Barka
448501	ER	05	Maekel	563930	Africa/Asmara	Maekel Region
448502	ER	06	Northern Red Sea	23100	Africa/Asmara	Northern Red Sea Region
449265	DJ	08	Arta	17477	Africa/Djibouti	Arta Region|Gobolka Carta
453751	BG	52	Razgrad	28931	Europe/Sofia	
453752	UZ	09	Karakalpakstan	687710	Asia/Samarkand	
453753	BG	47	Montana	81065	Europe/Sofia	
454307	LV	33	Ventspils Municipality	0		Ventspilio savivaldybė|Ventspils novads
454311	LV	32	Ventspils	32723	Europe/Riga	Ventspilis
454564	LV	31	Valmiera	22812	Europe/Riga	Valmiera Municipality
454571	LV	30	Valka	0		Valka Municipality|Valkas novads|Valkos savivaldybė
454771	LV	29	Tukums Municipality	16182	Europe/Riga	Tukuma novads|Tukumo savivaldybė
454968	LV	28	Talsu novads	0		
455888	LV	27	Saldus Rajons	0		Saldus novads
456173	LV	25	Riga	760171	Europe/Riga	Ryga|Rīga
456197	LV	24	Rēzekne Municipality	0		Rezekne Municipality|Rēzeknes novads
456203	LV	23	Rēzekne	26429	Europe/Riga	Rezekne
456528	LV	22	Preiļu novads	0		Preilu novads
457061	LV	21	Ogre	22767	Europe/Riga	Ogre Municipality|Ogres novads|Uogrės savivaldybė
457712	LV	20	Madonas novads	0		
457773	LV	19	Ludza Municipality	0		Ludzas novads
457889	LV	18	Limbaži Municipality	0		Limbazi Municipality|Limbažu novads
457955	LV	16	Liepaja	67421	Europe/Riga	Liepoja|Liepāja
458459	LV	15	Kuldīga Municipality	0		Kuldiga Municipality|Kuldīgas novads
458621	LV	14	Krāslava Municipality	0		Kraslava Municipality|Krāslavas novads
459202	LV	13	Jūrmala	52001	Europe/Riga	Jurmala
459278	LV	12	Jelgava Municipality	0		Jelgavas novads
459281	LV	11	Jelgava	54834	Europe/Riga	
459282	LV	10	Jēkabpils Municipality	21014	Europe/Riga	Jekabpils Municipality|Jēkabpils novads|Jėkabpilio savivaldybė
459664	LV	09	Gulbene Municipality	0		Gulbenes novads|Gulbenės savivaldybė
460311	LV	08	Dobele Municipality	0		Dobeles novads
460414	LV	06	Daugavpils	78126	Europe/Riga	Daugpilis
460569	LV	05	Cēsis Municipality	15020	Europe/Riga	Cesis Municipality|Cēsu novads|Cėsių savivaldybė
461112	LV	04	Bauska Municipality	0		Bauskas novads
461160	LV	03	Balvi Municipality	0		Balvu novads
461525	LV	02	Alūksne Municipality	0		Aluksne Municipality|Alūksnes novads|Alūksnės savivaldybė
461613	LV	01	Aizkraukle Municipality	0		Aizkraukles novads
468898	RU	88	Yaroslavl Oblast	1012487	Europe/Moscow	
472039	RU	86	Voronezh Oblast	1601123	Europe/Moscow	
472454	RU	85	Vologda Oblast	740304	Europe/Moscow	
472755	RU	84	Volgograd Oblast	1837053	Europe/Volgograd	
479119	RU	81	Ulyanovsk	814189	Europe/Ulyanovsk	Ulyanovsk Oblast
479613	RU	80	Udmurtiya Republic	1051416	Europe/Samara	
480041	RU	77	Tver Oblast	826105	Europe/Moscow	Tver’ Oblast
480508	RU	76	Tula Oblast	1086288	Europe/Moscow	
484048	RU	73	Tatarstan Republic	2784469	Europe/Moscow	
484638	RU	72	Tambov Oblast	572270	Europe/Moscow	
487839	RU	70	Stavropol Kray	1770691	Europe/Moscow	Stavropol Krai|Stavropol’ Kray
491684	RU	69	Smolensk Oblast	602532	Europe/Moscow	Smolenskaya Oblast’
498671	RU	67	Saratov Oblast	1705529	Europe/Saratov	
499068	RU	65	Samara Oblast	2495397	Europe/Samara	
500059	RU	62	Ryazan Oblast	706712	Europe/Moscow	
501165	RU	61	Rostov	2926585	Europe/Moscow	Rostov Oblast|Rostovskaya Oblast
504338	RU	60	Pskov Oblast	355982	Europe/Moscow	
511180	RU	90	Perm Krai	1840209	Asia/Yekaterinburg	
511555	RU	57	Penza Oblast	857598	Europe/Moscow	
514801	RU	56	Oryol oblast	398084	Europe/Moscow	Orel Oblast|Orlovshchina|Oryol Oblast
515001	RU	55	Orenburg Oblast	1359704	Asia/Yekaterinburg	
519324	RU	52	Novgorod Oblast	365578	Europe/Moscow	
519969	RU	68	North Ossetia–Alania	420663	Europe/Moscow	North Ossetia-Alania
522652	RU	50	Nenets	40953	Europe/Kirov|Europe/Moscow	Nenets Autonomous Okrug
524304	RU	49	Murmansk	637382	Europe/Moscow	Murmansk Oblast
524894	RU	48	Moscow	18372870	Europe/Moscow	
524925	RU	47	Moscow Oblast	5341860	Europe/Moscow	Moscow|Moskovskaya Oblast
525369	RU	46	Mordoviya Republic	389552	Europe/Moscow	Mordovia
529352	RU	45	Mariy-El Republic	371527	Europe/Moscow	
535120	RU	43	Lipetsk Oblast	738629	Europe/Moscow	
536199	RU	42	Leningradskaya Oblast'	1506985	Europe/Moscow	Leningrad Oblast
536203	RU	66	St.-Petersburg	8246288	Europe/Moscow	Saint Petersburg
538555	RU	41	Kursk Oblast	652938	Europe/Moscow	
542415	RU	38	Krasnodar Krai	3531018	Europe/Moscow	
543871	RU	37	Kostroma Oblast	414029	Europe/Moscow	
545854	RU	34	Komi	670273	Europe/Moscow	Komi Republic
548389	RU	33	Kirov Oblast	759692	Europe/Kirov	
552548	RU	28	Karelia	414350	Europe/Moscow	Kareliya Republic|Kareliä|Kareliä Cömhüriäte|Republic of Karelia
552927	RU	27	Karachayevo-Cherkesiya Republic	212895	Europe/Moscow	Karachay-Cherkessia|Karachayevo-Cherkesskaya Avtonomnaya Oblast’
553899	RU	25	Kaluga Oblast	627417	Europe/Moscow	
553972	RU	24	Kalmykiya Republic	106971	Europe/Moscow	Kalmykia
554230	RU	23	Kaliningrad Oblast	664545	Europe/Kaliningrad	
554667	RU	22	Kabardino-Balkariya Republic	451258	Europe/Moscow	Kabardino-Balkaria
555235	RU	21	Ivanovo Oblast	747796	Europe/Moscow	
556349	RU	19	Ingushetiya Republic	462275	Europe/Moscow	
559838	RU	51	Nizhny Novgorod Oblast	2247185	Europe/Moscow	
567293	RU	17	Dagestan	1159291	Europe/Moscow	Dagestan Republic
567395	RU	16	Chuvash Republic	748061	Europe/Moscow	Chuvashia|Chuvashiya Republic
569665	RU	12	Chechnya	496508	Europe/Moscow	Chechen Republic|Chechnya Republic
571473	RU	10	Bryansk Oblast	697524	Europe/Moscow	
578071	RU	09	Belgorod Oblast	890336	Europe/Moscow	
578853	RU	08	Bashkortostan Republic	2558769	Asia/Yekaterinburg	
580491	RU	07	Astrakhan Oblast	644812	Europe/Astrakhan	
581043	RU	06	Arkhangelskaya	853310	Europe/Moscow	Arkhangelsk Oblast|Arkhangelskaya oblast|Arkhangel’sk Oblast
584222	RU	01	Adygeya Republic	208235	Europe/Moscow	
584583	AZ	71	Zardab	0		Zərdab
584604	AZ	70	Zaqatala District	32171	Asia/Baku	Zaqatala rayonu
584650	AZ	67	Yevlax	0		
584742	AZ	37	Oğuz	0		Oguz
584783	AZ	59	Ucar	15741	Asia/Baku	
584861	AZ	58	Tovuz District	15600	Asia/Baku	Tovuz rayonu
585030	AZ	50	Şamaxı	40300	Asia/Baku	Samaxi
585031	AZ	47	Shaki	0		Şəki
585059	AZ	51	Şǝmkir	41300	Asia/Baku	Shamkir Rayon
585686	AZ	27	Kurdamir District	19088	Asia/Baku	Kürdəmir rayonu
585738	AZ	38	Qabala District	0		Qəbələ rayonu
585749	AZ	44	Qusar District	16022	Asia/Baku	Qusar rayonu
585786	AZ	42	Quba	22405	Asia/Baku	
585967	AZ	62	Goygol Rayon	19800	Asia/Baku	Göygöl Rayon
586001	AZ	60	Xaçmaz	67600	Asia/Baku	Xacmaz
586047	AZ	26	Kalbajar	0		Kalbajar District|Kəlbəcər
586087	AZ	40	Qazax	20800	Asia/Baku	
586112	AZ	21	Goranboy District	0		Goranboy Rayonu
586290	AZ	39	Qax	0		
586320	AZ	25	Ismayilli District	27500	Asia/Baku	İsmayıllı rayonu
586482	AZ	22	Göyçay	42500	Asia/Baku	Goeycay
586725	AZ	17	Shabran	23248	Asia/Baku	Shabran District|Şabran rayonu
586771	AZ	16	Daşkǝsǝn	0		Dashkasan Rayon
587010	AZ	10	Balakan District	0		Balakən rayonu
587056	AZ	11	Barda	41600	Asia/Baku	Barda District|Bərdə Rayonu
587081	AZ	09	Baki	2805988	Asia/Baku	
587245	AZ	01	Abşeron	289400	Asia/Baku	Abseron
587342	AZ	06	Agsu District	22300	Asia/Baku	Ağsu rayonu
587376	AZ	04	Ağdaş	23528	Asia/Baku	Agdas
587448	EE	21	Võrumaa	0		Vorumaa|Võru County|Võru maakond
587590	EE	20	Viljandimaa	17407	Europe/Tallinn	Viljandi County|Viljandi maakond
587875	EE	19	Valgamaa	0		Valga County|Valga maakond
588334	EE	18	Tartu	91407	Europe/Tallinn	Tartu maakond
588879	EE	14	Saare	0		Saare County|Saare maakond|Saaremaa
589115	EE	13	Raplamaa	0		Rapla County|Rapla maakond
589373	EE	12	Põlvamaa	0		Polvamaa|Põlva County|Põlva maakond
589576	EE	11	Pärnumaa	40228	Europe/Tallinn	Paernumaa|Pärnu County|Pärnu maakond
590854	EE	08	Lääne-Virumaa	0		Laeaene-Virumaa|Lääne-Viru County|Lääne-Viru maakond
590856	EE	07	Lääne	0		Laeaene|Lääne maakond
591901	EE	05	Jõgevamaa	0		Jogevamaa|Jõgeva County|Jõgeva maakond
591961	EE	04	Järvamaa	0		Jaervamaa|Järva County|Järva maakond
592075	EE	03	Ida-Virumaa	89804	Europe/Tallinn	Ida-Viru County|Ida-Viru maakond
592133	EE	02	Hiiumaa	0		Hiiu County|Hiiu maakond
592170	EE	01	Harjumaa	868097	Europe/Tallinn	Harju|Harju County|Harju maakond
601465	TM	03	Dasoguz	379492	Asia/Ashgabat	
604010	SE	14	Norrbotten	134766	Europe/Stockholm	Norrbotten County|Norrbottena leatna|Norrbottenin lääni|Norrbottens län
607847	KZ	07	West Kazakhstan	364799	Asia/Oral	Batys Qazaqstan Oblysy|Zapadno-Kazakhstanskaya Oblast’
608879	KZ	09	Mangystau	282409	Asia/Aqtau	Mangghystaū Oblysy|Mangistauskaya Oblast’
609862	KZ	06	Atyrau Oblisi	388248	Asia/Atyrau	
610688	KZ	04	Aktobe	598827	Asia/Aqtobe	Aktyubinskaya Oblast’|Aqtöbe|Aqtöbe Oblysy
611716	GE	51	Tbilisi	1049498	Asia/Tbilisi	
615929	GE	04	Adjara	204487	Asia/Tbilisi	Acarıstan|Achara|Autonomous Republic of Adjara
616051	AM	11	Yerevan	2264300	Asia/Yerevan	
617077	MD	73	Raionul Edineţ	22872	Europe/Chisinau	Raionul Edinet|Raionul Edineț
617181	MD	92	Ungheni	34422	Europe/Chisinau	Raionul Ungheni
617255	MD	91	Teleneşti	0		Raionul Telenești|Telenesti|Telenești District|Telenești ili
617264	MD	90	Taraclia	0		Taraclia District|Taraclia ili|raionul Taraclia
617283	MD	88	Stefan-Voda	0		
617301	MD	89	Strășeni	19225	Europe/Chisinau	Straseni|Strășeni District|Strășeni ili|raionul Strășeni
617366	MD	87	Soroca District	27423	Europe/Chisinau	Suryaka ili|raionul Soroca
617483	MD	84	Rîşcani	0		Raionul Rîșcani|Riscani|Rîșcani District|Rîșcani ili
617501	MD	83	Rezina	0		Raionul Rezina|Rezina District|Rezina ili
617639	MD	82	Orhei	24918	Europe/Chisinau	Orhei District|Raionul Orhei
617656	MD	81	Raionul Ocniţa	0		Raionul Ocnita|Raionul Ocnița
617715	MD	59	Anenii Noi	0		Anenii Noi District|Anenii Noi ili|raionul Anenii Noi
617754	MD	80	Nisporeni	0		Nisporeni District|Nisporeni ili|raionul Nisporeni
617903	MD	79	Leova	0		Leova District|Leova ili|raionul Leova
617913	MD	85	Sîngerei	15479	Europe/Chisinau	Singerei|Sîngerei District|Sîngerei ili|raionul Sîngerei
617962	MD	69	Criuleni	0		Criuleni District|Criuleni ili|Raionul Criuleni
617991	MD	78	Ialoveni	0		Ialoveni District|Ialoveni ili|Raionul Ialoveni
618069	MD	57	Chișinău Municipality	678236	Europe/Chisinau	Chisinau Municipality|Municipiul Chişinău|Municipiul Chișinău
618119	MD	67	Căuşeni	21690	Europe/Chisinau	Causeni
618142	MD	65	Cantemir	0		Cantemir District|Kandemir|Raionul Cantemir
618162	MD	66	Călăraşi	0		Calarasi
618164	MD	64	Cahul	34492	Europe/Chisinau	Kartal ili|Raionul Cahul
618260	MD	76	Glodeni	0		Glodeni District|Glodeni ili|raionul Glodeni
618331	MD	75	Floreşti	16759	Europe/Chisinau	Floresti|Florești District|Florești ili|Raionul Florești
618345	MD	74	Fălești	0		Falesti|Făleşti|Fălești District|Fălești ili|Raionul Făleşti|Raionul Fălești
618363	MD	72	Dubăsari District	0		Dubasari District|Dubăsari ili|Raionul Dubăsari
618369	MD	71	Drochia	16080	Europe/Chisinau	Raionul Drochia
618381	MD	70	Donduşeni	0		Donduseni|Dondușeni District|Dondușeni ili|Raionul Dondușeni
618430	MD	68	Cimişlia	0		Cimislia|Cimișlia District|Cimișlia ili|Raionul Cimișlia
618511	MD	63	Briceni	0		Briceni District|Briceni ili|raionul Briceni
618565	MD	61	Basarabeasca	0		Basarabeasca District|Besarabka ili|raionul Basarabeasca
620134	BY	07	Vitebsk	688901	Europe/Minsk	Viciebsk Region|Vitebsk Region
625073	BY	06	Mogilev	655038	Europe/Minsk	Mogilev Region
625142	BY	05	Minsk	641566	Europe/Minsk	Minsk Oblast|Minsk Region|Minskaya Oblast’
625143	BY	04	Minsk City	1742124	Europe/Minsk	Minsk
627535	AZ	19	Gadabay District	0		Gədəbəy rayonu
628035	BY	03	Grodnenskaya	666294	Europe/Minsk	Grodnenskaya Oblast’|Grodno
628281	BY	02	Homyel’ Voblasc’	910394	Europe/Minsk	Gomelskaya Oblast|Homieĺskaja voblasć|Homyel' Voblasc'|Homyelskaya Voblasts
629631	BY	01	Brest	801093	Europe/Minsk	Brest Oblast|Brestskaya Oblast’
662447	RO	40	Vrancea	81826	Europe/Bucharest	Județul Vrancea|Vrancea County|Vrancea megye
662892	RO	39	Vâlcea County	113781	Europe/Bucharest	Județul Vâlcea|Valcea County|Vâlcea megye
663116	RO	38	Vaslui County	159982	Europe/Bucharest	Județul Vaslui
664517	RO	37	Tulcea County	65624	Europe/Bucharest	Județul Tulcea|Tulcea megye
665091	RO	36	Timiș County	294092	Europe/Bucharest	Județul Timiș|Temes|Temes megye|Timis County|Timiș
665283	RO	35	Teleorman County	111817	Europe/Bucharest	Judeţul Teleorman|Județul Teleorman|Teleorman megye
665849	RO	34	Suceava	189253	Europe/Bucharest	Judeţul Suceava|Județul Suceava|Suceava County|Suceava megye
667267	RO	33	Sibiu County	202391	Europe/Bucharest	Județul Sibiu|Szeben|Szeben megye
667869	RO	32	Satu Mare County	133265	Europe/Bucharest	Judeţul Satu Mare|Județul Satu Mare|Szatmár vármegye
668248	RO	31	Sălaj County	68080	Europe/Bucharest	Județul Sălaj|Salaj County|Szilágy megye
669737	RO	30	Prahova	275444	Europe/Bucharest	Județul Prahova|Prahova County|Prahova megye
671857	RO	29	Olt	137921	Europe/Bucharest	Județul Olt|Olt County|Olt megye
672460	RO	28	Neamț County	190980	Europe/Bucharest	Județul Neamț|Neamt County|Neamț megye
672628	RO	27	Mureș County	328578	Europe/Bucharest	Județul Mureș|Maros|Maros megye|Mures County
673612	RO	26	Mehedinți County	79865	Europe/Bucharest	Județul Mehedinți|Mehedinti County|Mehedinți megye
673887	RO	25	Maramureş	208473	Europe/Bucharest	Județul Maramureș|Maramures|Maramureş County|Maramureș County|Máramaros
675809	RO	23	Iași County	423954	Europe/Bucharest	Iasi County|Iași megye|Județul Iași
675848	RO	22	Ialomița County	114975	Europe/Bucharest	Ialomita County|Ialomița megye|Județul Ialomița
675917	RO	21	Hunedoara County	293370	Europe/Bucharest	Hunyad megye|Județul Hunedoara
676309	RO	20	Harghita County	90793	Europe/Bucharest	Județul Harghita
676898	RO	19	Gorj County	95864	Europe/Bucharest	Gorj megye|Județul Gorj
677104	RO	42	Giurgiu County	54551	Europe/Bucharest	Giurgiu megye|Județul Giurgiu
677692	RO	18	Galați County	259005	Europe/Bucharest	Galati County|Galați megye|Județul Galați
679134	RO	17	Dolj	291377	Europe/Bucharest	Dolj County|Dolj megye|Județul Dolj
679385	RO	16	Dâmbovița County	102598	Europe/Bucharest	Dambovita County|Dâmbovița|Dâmbovița megye
680428	RO	15	Covasna County	70147	Europe/Bucharest	Județul Covasna|Kovászna|Kovászna megye
680962	RO	14	Constanța County	452374	Europe/Bucharest	Constanta County|Constanţa|Constanța|Constanța megye|Județul Constanța
681291	RO	13	Cluj County	418148	Europe/Bucharest	Județul Cluj|Kolozs|Kolozs megye
682714	RO	12	Caraș-Severin County	125098	Europe/Bucharest	Caras-Severin County|Județul Caraș-Severin|Krassó-Szörény megye
683016	RO	41	Călărași County	22624	Europe/Bucharest	Calarasi County|Călărași megye|Județul Călărași
683121	RO	11	Buzău County	142007	Europe/Bucharest	Buzau County|Buzău megye|Județul Buzău
683504	RO	10	Bucharest	3705717	Europe/Bucharest	
683843	RO	09	Brașov County	374545	Europe/Bucharest	Brasov County|Brassó megye|Județul Brașov
683901	RO	08	Brăila County	154686	Europe/Bucharest	Braila County|Brăila megye|Județul Brăila
684038	RO	07	Botoșani County	120786	Europe/Bucharest	Botosani County|Botoșani megye|Județul Botoșani
684647	RO	06	Bistrița-Năsăud County	78877	Europe/Bucharest	Beszterce-Naszód megye|Bistrita-Nasaud County|Județul Bistrița-Năsăud
684878	RO	05	Bihor County	200666	Europe/Bucharest	Bihar megye|Bihor|Județul Bihor
685947	RO	04	Bacău County	202192	Europe/Bucharest	Bacau County|Bákó megye|Județul Bacău
686192	RO	03	Arges	202515	Europe/Bucharest	Argeș County|Argeș megye|Județul Argeș
686253	RO	02	Arad County	169065	Europe/Bucharest	Arad megye|Județul Arad
686581	RO	01	Alba County	180235	Europe/Bucharest	Fehér megye|Județul Alba
686966	UA	27	Zhytomyr Oblast	793334	Europe/Kyiv	Obwód żytomierski|Zhitomirskaya Oblast’|Zhytomyr|Zhytomyrska Oblast
687699	UA	26	Zaporizhzhia	1098565	Europe/Kyiv	Obwód zaporoski|Zaporizhzhia Oblast|Zaporizzsjai terület
687869	UA	25	Zakarpattia	310773	Europe/Kyiv	Kárpátalja|Obwód zakarpacki|Zakarpattia Oblast
689064	UA	24	Volyn	371243	Europe/Kyiv	Volinyi terület|Volyn Oblast|Volynska Oblast|Volynskaya Oblast’|obwód wołyński
689559	UA	23	Vinnytsia	643160	Europe/Kyiv	Vinnicjai terület|Vinnytsia Oblast|obwód winnicki
691649	UA	22	Ternopil	292391	Europe/Kyiv	Obwód tarnopolski|Ternopil Oblast|Ternopili terület
692196	UA	21	Sumy	908060	Europe/Kyiv	Sumska Oblast|Sumy Oblast|Szumi terület|obwód sumski
694422	UA	20	Sevastopol City	633155	Europe/Simferopol	Gorod Sevastopol|Sebastopol City
695592	UA	19	Rivne Oblast	407334	Europe/Kyiv	Obwód rówieński|Rivnei terület|Rivnenska Oblast
696634	UA	18	Poltava	1276524	Europe/Kyiv	Poltava Oblast|Poltavai terület|obwód połtawski
698738	UA	17	Odesa	1467559	Europe/Kyiv	Odesa Oblast|Odesa region|Odesszai terület|obwód odeski
700567	UA	16	Mykolaiv	604439	Europe/Kyiv	Mikolajivi terület|Mykolaiv Oblast|obwód mikołajowski
702549	UA	15	Lviv	1400659	Europe/Kyiv	Lviv Oblast|Lvivi terület|Lvivska Oblast|Obwód lwowski
702657	UA	14	Luhansk	1952021	Europe/Kyiv	Luganskaya Oblast’|Luhansk Oblast|Luhanska Oblast|Luhanszki terület|obwód ługański
703446	UA	13	Kyiv Oblast	930482	Europe/Kyiv	Kyiv|Kyivshchyna|Obwód kijowski
703447	UA	12	Kyiv City	7155762	Europe/Kyiv	Misto Kyiv
703883	UA	11	Crimea	987751	Europe/Simferopol	Autonomous Republic of Crimea|Krími Autonóm Köztársaság|Republika Autonomiczna Krymu
705811	UA	10	Kirovohrad	657291	Europe/Kyiv	Kirovohrad Oblast|Kirovohradi terület|Obwód kirowohradzki
706370	UA	09	Khmelnytskyi	641996	Europe/Kyiv	Hmelnickiji terület|Khmelnytskyi Oblast|obwód chmielnicki
706442	UA	08	Kherson	208465	Europe/Kyiv	Herszoni terület|Kherson Oblast|Obwód chersoński
706482	UA	07	Kharkiv	3982310	Europe/Kyiv	Harkivi terület|Kharkiv Oblast|Kharkivska Oblast|Kharkivs’ka Oblast’|obwód charkowski
707470	UA	06	Ivano-Frankivsk	423580	Europe/Kyiv	Ivano-Frankivsk Oblast|Ivano-frankivszki terület|Obwód iwanofrankiwski
709716	UA	05	Donetsk	5763078	Europe/Kyiv	Donecki terület|Donetsk Oblast|Donetska Oblast|obwód doniecki
709929	UA	04	Dnipropetrovsk	2720891	Europe/Kyiv	Dnipropetrovsk Oblast|Dnyipropetrovszki terület|Obwód dniepropetrowski
710720	UA	03	Chernivtsi	264298	Europe/Kyiv	Chernivtsi Oblast|Csernyivci terület|Obwód czerniowiecki
710734	UA	02	Chernihiv Oblast	823520	Europe/Kyiv	Chernihiv|Chernihivska Oblast|Chernihivs’ka Oblast’|Csernyihivi terület|obwód czernihowski
710802	UA	01	Cherkasy	535847	Europe/Kyiv	Cherkasy Oblast|Cserkaszi terület|Obwód czerkaski
715593	HU	18	Szabolcs-Szatmár-Bereg	154597	Europe/Budapest	Szabolcs-Szatmar-Bereg|Szabolcs-Szatmár-Bereg megye
719637	HU	20	Jász-Nagykun-Szolnok	163032	Europe/Budapest	Jasz-Nagykun-Szolnok|Jász-Nagykun-Szolnok County|Jász-Nagykun-Szolnok vármegye
720002	HU	11	Heves County	107042	Europe/Budapest	Heves vármegye
720293	HU	10	Hajdú-Bihar	310174	Europe/Budapest	Hajdu-Bihar|Hajdú-Bihar County|Hajdú-Bihar vármegye
721589	HU	06	Csongrád	276388	Europe/Budapest	Csongrad
722064	HU	04	Borsod-Abaúj-Zemplén	288086	Europe/Budapest	Borsod-Abauj Zemplen county|Borsod-Abauj-Zemplen|Borsod-Abaúj-Zemplén megye
722433	HU	03	Bekes County	177936	Europe/Budapest	Békés megye
725713	BG	64	Vratsa	49569	Europe/Sofia	
726051	BG	61	Varna	345737	Europe/Sofia	
726419	BG	40	Dobrich	69434	Europe/Sofia	
727012	BG	58	Sofia	47674	Europe/Sofia	Oblast Sofia|Sofia Province|Sofya
727524	BG	53	Ruse	121168	Europe/Sofia	
728194	BG	51	Plovdiv	447389	Europe/Sofia	
728204	BG	50	Pleven	90209	Europe/Sofia	
728331	BG	49	Pernik	82467	Europe/Sofia	
728379	BG	48	Pazardzhik	113571	Europe/Sofia	
729560	BG	46	Lovech	49072	Europe/Sofia	
730436	BG	43	Haskovo	138469	Europe/Sofia	Oblast Haskovo
731061	BG	42	Sofia-Capital	1152556	Europe/Sofia	Oblast Sofia-Grad|Okrŭg Grad Sofiya|Sofia-Grad|Sofia-grad
732771	BG	39	Burgas	251341	Europe/Sofia	
733192	BG	38	Blagoevgrad	147564	Europe/Sofia	
736572	GR	736572	Mount Athos	0		Autonomous Monastic State of the Holy Mountain|Mont Athos|République monastique du Mont Athos
737021	TR	85	Zonguldak Province	257819	Europe/Istanbul	Zonguldak|Zonquldak ili|Zonğuldak
738647	TR	61	Trabzon	481728	Europe/Istanbul	Trabzon Province|Trabzon ili|Trabzon İli
738742	TR	60	Tokat Province	398316	Europe/Istanbul	Tokat|Toqad|Toqat|Toqat ili
738926	TR	59	Tekirdağ	456319	Europe/Istanbul	Tekirdag|Tekirdağ Province|Təkirdağ ili
739598	TR	57	Sinop	62551	Europe/Istanbul	Sinop Province|Sinop vilayəti
740263	TR	55	Samsun	629731	Europe/Istanbul	Samsun Province|Samsun ili|Samsun İli
740352	TR	54	Sakarya	501605	Europe/Istanbul	Sakarya Province|Sakarya ili|Sakarya İli
740481	TR	53	Rize Province	212349	Europe/Istanbul	Rize|Rizə ili
741098	TR	52	Ordu	456637	Europe/Istanbul	Ordu Province|Ordu ili
742865	TR	41	Kocaeli	797050	Europe/Istanbul	Kocaeli Province|Kocaeli ili|Kocaeli İli
743165	TR	39	Kırklareli	175846	Europe/Istanbul	Kirklareli|Kırklareli Province|Kırklareli ili|Qırxlareli
743881	TR	37	Kastamonu	167126	Europe/Istanbul	Kastamonu Province|Kastamonu ili|Kastamonu İli|Qestamonu
743942	TR	84	Kars Province	140272	Europe/Istanbul	Kars|Qars ili|Qers
745042	TR	34	Istanbul	24914037	Europe/Istanbul	Istanbul Province|Stembol|Wılayetê Estanboli|İstanbul|İstanbul ili
746423	TR	69	Gümüşhane Province	63084	Europe/Istanbul	Guemueshane Province|Gumuşxane|Gümüşhane|Gümüşhane ili
746878	TR	28	Giresun	279240	Europe/Istanbul	Giresun Province|Girəsun ili
747711	TR	22	Edirne	261116	Europe/Istanbul	Edirne Province|Ədirnə ili
748877	TR	19	Çorum	390412	Europe/Istanbul	Corum|Çorum Province|Çorum ili
749747	TR	82	Çankırı	108366	Europe/Istanbul	Cankiri|Çankırı Province|Çanqıriye|Çanqırı ili
749778	TR	17	Canakkale	271744	Europe/Istanbul	parêzgeha Çanakkaleyê|Çanakkale|Çanakkale Province|Çanaqqala vilayəti|Çanaxqele
750268	TR	16	Bursa Province	4226502	Europe/Istanbul	Bursa|Bursa vilayəti|Bursa İli|parêzgeha Bursayê
750510	TR	14	Bolu	213264	Europe/Istanbul	Bolu Province|Bolu ili|Bolu İli
751816	TR	08	Artvin	59577	Europe/Istanbul	Artvin Province|Artvin ili
752014	TR	05	Amasya	232404	Europe/Istanbul	Amasya Province|Amasya ili|Amasya İli
780166	NO	05	Finnmark	15094	Europe/Oslo	Finnmark fylke|Finnmarkin lääni|Finnmárku
784272	RS	VO	Vojvodina	879908	Europe/Belgrade	Vajdaság|Vajdaság Autonóm Tartomány
784732	MK	E9	Valandovo	0		Komuna e Vallandovës|Valandova|Valandovo Municipality
785958	RS	SE	Central Serbia	3295612	Europe/Belgrade	
786233	ME	17	Rožaje Municipality	0		Komuna e Rozhajës|Rozaje Municipality|Rožaje
786339	MK	86	Resen	16539	Europe/Skopje	Komuna e Resnjës|Resen Municipality|Resne
789090	MK	51	Kratovo	0		
826294	RU	83	Vladimir Oblast	1034348	Europe/Moscow	
828259	AM	01	Aragatsotn	17600	Asia/Yerevan	Aragatsotn Province|Aragatsotni Marz
828260	AM	03	Armavir	77689	Asia/Yerevan	Armavir Province
828261	AM	04	Gegharkunik	38552	Asia/Yerevan	Gegharkunik Province
828262	AM	05	Kotayk	122127	Asia/Yerevan	Kotayk Province
828263	AM	06	Lori	78100	Asia/Yerevan	Lori Province
828264	AM	07	Shirak	132812	Asia/Yerevan	Shirak Province
828265	AM	09	Tavush	35414	Asia/Yerevan	Tavush Province
828297	AZ	05	Ağstafa	0		Agstafa
828298	AZ	20	Gǝncǝ	330663	Asia/Baku	Ganja City
828299	AZ	33	Mingacevir City	106048	Asia/Baku	Mingəçevir şəhəri
828300	AZ	34	Naftalan	0		Naftalan Şəhəri
828301	AZ	41	Qobustan	0		
828302	AZ	52	Samux	0		
828303	AZ	48	Shaki City	68400	Asia/Baku	Şəki
828304	AZ	53	Siyǝzǝn	25900	Asia/Baku	Siazan Rayon
828305	AZ	54	Sumqayit	475400	Asia/Baku	
828306	AZ	63	Xızı	0		Xizi
828307	AZ	68	Yevlax City	127400	Asia/Baku	Avlakh|Yevlax Şəhəri
828315	AZ	23	Hacıqabul	23102	Asia/Baku	Haciqabul
830603	FI	19	Lapland	105934	Europe/Helsinki	Laapi eennâmkodde|Landskapet Lappland|Lapin maakunta|Lapland Region|Lappi|Lappland
830664	FI	18	Kainuu	36458	Europe/Helsinki	Kainuu Region|Kainuun Maakunta|Kajaani Region|Kajanaland|Landskapet Kajanaland
830667	FI	17	North Ostrobothnia	272305	Europe/Helsinki	Landskapet Norra Österbotten|Norra Österbotten|North Ostrobothnia Region|Northern Ostrobothnia|Pohjois-Pohjanmaa|Pohjois-Pohjanmaan Maakunta
830675	FI	16	Central Ostrobothnia	48361	Europe/Helsinki	Central Ostrobothnia Region|Keski-Pohjanmaa|Keski-Pohjanmaan Maakunta|Landskapet Mellersta Österbotten|Mellersta Österbotten
830676	FI	15	Ostrobothnia	106663	Europe/Helsinki	Landskapet Österbotten|Ostrobothnia Region|Pohjanmaa|Pohjanmaan Maakunta|Österbotten
830682	FI	14	South Ostrobothnia	101388	Europe/Helsinki	Etelä-Pohjanmaa|Etelä-Pohjanmaan maakunta|Landskapet Södra Österbotten|South Ostrobothnia Region|Southern Ostrobothnia|Södra Österbotten
830685	FI	13	Central Finland	204443	Europe/Helsinki	Central Finland Region|Keski-Suomen Maakunta|Keski-Suomi|Landskapet Mellersta Finland|Mellersta Finland
830686	FI	12	North Karelia	93490	Europe/Helsinki	Landskapet Norra Karelen|Norra Karelen|North Karelia Region|Pohjois-Karjala|Pohjois-Karjalan Maakunta
830690	FI	11	North Savo	186778	Europe/Helsinki	Landskapet Norra Savolax|Norra Savolax|North Savo Region|Northern Savo|Northern Savonia|Pohjois-Savo|Pohjois-Savon Maakunta
830695	FI	10	South Savo	100187	Europe/Helsinki	Etelä-Savo|Southern Savonia|Södra Savolax
830699	FI	09	South Karelia	97490	Europe/Helsinki	Etelä-Karjala|Etelä-Karjalan Maakunta|Landskapet Södra Karelen|South Karelia Region|Södra Karelen
830703	FI	08	Kymenlaakso	187202	Europe/Helsinki	Kymenlaakso Region|Kymenlaakson Maakunta|Kymmenedalen|Landskapet Kymmenedalen
830704	FI	06	Pirkanmaa	514691	Europe/Helsinki	Birkaland|Landskapet Birkaland|Pirkanmaan Maakunta|Tampere|Tampere Region
830705	FI	05	Kanta-Häme	129446	Europe/Helsinki	Egentliga Tavastland|Häme|Kanta-Haeme|Kanta-Häme Region|Kanta-Hämeen maakunta|Landskapet Egentliga Tavastland|Tavastia Proper|Tavastland
830708	FI	02	Southwest Finland	391678	Europe/Helsinki	Egentliga Finland|Finland Proper|Varsinais-Suomi
830709	FI	01	Uusimaa	2368360	Europe/Helsinki	Landskapet Nyland|Nyland|Uudenmaan Maakunta|Uusimaa Region
831040	FI	07	Paijat-Hame	177839	Europe/Helsinki	Landskapet Päijänne-Tavastland|Paijat-Hame Region|Päijänne Tavastia|Päijänne-Tavastland|Päijät-Häme|Päijät-Hämeen Maakunta
831041	FI	04	Satakunta	122066	Europe/Helsinki	Landskapet Satakunta|Satakunnan Maakunta|Satakunta Region|Satakunta eennâmkodde
858785	PL	75	Lublin	857200	Europe/Warsaw	Lubelskie|Lublin Province|Lublin Voivodeship|Województwo lubelskie
858786	PL	77	Lesser Poland	1495070	Europe/Warsaw	Lesser Poland Voivodeship|Województwo małopolskie
858787	PL	78	Mazovia	4818612	Europe/Warsaw	Masovian|Masovian Voivodeship|Mazovia Province|Województwo mazowieckie
858788	PL	80	Subcarpathia	714876	Europe/Warsaw	Podkarpackie Voivodeship|Subcarpathian Voivodeship|województwo podkarpackie
858789	PL	81	Podlasie	601920	Europe/Warsaw	Podlachian|Podlachian Voivodeship|Podlasie Voivodship|Podlaskie Voivodeship|Województwo podlaskie
858790	PL	84	Świętokrzyskie	465473	Europe/Warsaw	Swietokrzyskie|Województwo świętokrzyskie|Świętokrzyskie Voivodeship|Świętokrzyskie Voivodship
858791	PL	85	Warmia-Masuria	667671	Europe/Warsaw	Warmia-Masuria Province|Warmian-Masurian|Warmian-Masurian Voivodeship|Województwo warmińsko-mazurskie|woj. warmińsko-mazurskie
858803	MD	77	Hînceşti	16900	Europe/Chisinau	Hincesti|Hîncești District|Hîncești ili|Raionul Hîncești
858808	MD	86	Şoldăneşti	0		Raionul Şoldănești|Raionul Șoldănești|Soldanesti|Șoldănești District|Șoldănești ili
858889	MD	58	Transnistria	251065	Europe/Chisinau	Administrative-Territorial Units of the Left Bank of the Dniester|Stînga Nistrului|Transitria|Unitățile Administrativ-Teritoriale din stînga Nistrului
858895	MD	51	Gagauzia	45611	Europe/Chisinau	Autonomous Territorial Unit of Gagauzia|Avtonom Territoriali Bölümlüü Gagauziya|Gagauz Yeri|Gagauziya|Gagavuz Yeri Özerk Bölgesi|Gagavuzya|Găgăuzia|Unitatea Teritorială Autonomă Găgăuzia
861487	MD	62	Bender Municipality	110175	Europe/Chisinau	Municipiul Bender
862467	TR	87	Bartın	81692	Europe/Istanbul	Bartin|Bartın Province|Bartın vilayəti
862468	TR	89	Karabük Province	160645	Europe/Istanbul	Karabuek Province|Karabük|Karabük ili|Qerebuk
862469	TR	92	Yalova	71289	Europe/Istanbul	Yalova Province|Yalova ili|Yalova İli
862470	TR	86	Ardahan	22927	Europe/Istanbul	Ardahan Province|Erdêxan|Ərdəhan ili
862471	TR	77	Bayburt Province	48036	Europe/Istanbul	Bayburt|Bayburt ili|Bayburt İli
862938	MK	78	Pehchevo	0		
862945	MK	72	Novo Selo	0		
862946	MK	11	Bosilovo	0		Bosilovo Municipality|Komuna e Bosilovës
862947	MK	A9	Vasilevo	0		
862949	MK	E5	Dojran	0		
862950	MK	08	Bogdanci	0		Bogdanci Municipality|Boğdancı|Komuna e Bogdancës
862953	MK	47	Konche	0		
862956	MK	62	Makedonska Kamenica	0		Komuna e Kamenicës|Makedonska Kamenica Municipality
862958	MK	C6	Zrnovci	0		Komuna e Zërnocit|Zrnovci Municipality
862960	MK	40	Karbinci	0		Karbinci Municipality|Komuna e Karbincës
862961	MK	25	Demir Kapija	0		
862973	MK	87	Rosoman	0		Komuna e Rosomanit|Rosoman Municipality
862974	MK	35	Gradsko	0		Gradsko Municipality|Komuna e Grackës
862975	MK	60	Lozovo	0		Cumalı|Komuna e Llozovës|Lozovo Municipality
862977	MK	19	Češinovo-Obleševo	0		Cesinovo-Oblesevo|Cheshinovo-Obleshevo|Komuna e Çeshinovo-Obleshevës|Opština Češinovo-Obleševo
863468	MK	E1	Novaci	0		
863485	MK	04	Berovo	0		
863486	MK	06	Bitola	69287	Europe/Skopje	Manastır
863488	MK	D9	Mogila	0		
863831	MK	01	Arachinovo	0		
863834	MK	C7	Bogovinje	30542	Europe/Skopje	Bogovina
863835	MK	12	Brvenica	16267	Europe/Skopje	Brvenica Municipality|Komuna e Bërvenicës
863838	MK	C9	Chashka	0		Komuna e Çashkës|Čaška|Čaška Municipality
863841	MK	18	Centar Zhupa	45412	Europe/Skopje	
863842	MK	20	Chucher Sandevo	0		
863843	MK	D2	Debar	18074	Europe/Skopje	
863844	MK	22	Delchevo	17415	Europe/Skopje	
863846	MK	D3	Demir Hisar	0		
863849	MK	28	Dolneni	0		Dolneni Municipality|Dolyan|Komuna e Dollnenit
863854	MK	33	Gevgelija	20664	Europe/Skopje	
863855	MK	D4	Gostivar	50974	Europe/Skopje	Gostivari
863856	MK	36	Ilinden	16406	Europe/Skopje	Ilinden Municipality|Komuna e Belimbegut
863858	MK	D5	Jegunovce	0		Jegunovce Municipality|Komuna e Jegunocit
863861	MK	D6	Kavadarci	38799	Europe/Skopje	
863862	MK	43	Kichevo	31123	Europe/Skopje	
863865	MK	46	Kochani	34258	Europe/Skopje	
863869	MK	52	Kriva Palanka	20820	Europe/Skopje	
863870	MK	53	Krivogashtani	0		
863871	MK	54	Krushevo	0		
863873	MK	D7	Kumanovo	75051	Europe/Skopje	
863875	MK	59	Lipkovo	28102	Europe/Skopje	Opstina Lipkovo
863877	MK	D8	Makedonski Brod	0		
863881	MK	69	Negotino	19515	Europe/Skopje	
863883	MK	E2	Ohrid	42033	Europe/Skopje	
863886	MK	79	Petrovec	0		
863887	MK	80	Plasnica	0		Komuna e Plasnicës|Plasnica Municipality
863888	MK	E3	Prilep	73814	Europe/Skopje	
863889	MK	83	Probishtip	0		
863890	MK	84	Radovish	24984	Europe/Skopje	
863891	MK	85	Rankovce	0		Opstina Rankovce
863892	MK	E4	Mavrovo and Rostuša	0		Komuna e Mavrovës dhe Radostushës|Mavrova|Mavrovo and Rostusa|Mavrovo and Rostuša Municipality|Mavrovo i Rostusha|Mavrovo i Rostuše|Opština Mavrovo i Rostuše
863896	MK	92	Sopište	0		Sopiste
863899	MK	97	Staro Nagorichane	0		
863900	MK	98	Shtip	48279	Europe/Skopje	
863901	MK	E6	Struga	37387	Europe/Skopje	
863902	MK	E7	Strumica	33825	Europe/Skopje	
863903	MK	A2	Studenichani	18219	Europe/Skopje	
863905	MK	A4	Sveti Nikole	0		Kiliseli|Komuna e Sveti Nikollës|Sveti Nikole Municipality
863906	MK	A5	Tearce	23096	Europe/Skopje	Komuna e Tearcës|Tearce Municipality
863907	MK	E8	Tetovo	63176	Europe/Skopje	
863909	MK	F1	Veles	57873	Europe/Skopje	
863911	MK	B3	Vevchani	0		
863912	MK	B4	Vinica	18218	Europe/Skopje	
863914	MK	B7	Vrapchishte	17518	Europe/Skopje	
863918	MK	C2	Zelenikovo	0		
863919	MK	C3	Zhelino	25422	Europe/Skopje	
864389	LT	56	Alytus	49195	Europe/Vilnius	Alytaus apskritis|Alytus County|Okręg olicki
864477	LT	57	Kaunas	513803	Europe/Vilnius	Kaunas County|Kauno apskritis|okręg kowieński
864478	LT	58	Klaipėda County	224181	Europe/Vilnius	Klaipeda County|Klaipėdos apskritis|Okręg kłajpedzki
864479	LT	59	Marijampolė County	34975	Europe/Vilnius	Marijampole County|Marijampolės apskritis|Okręg mariampolski
864480	LT	60	Panevėžys	85885	Europe/Vilnius	Okręg poniewieski|Panevezys|Panevėžio Apskritis|Panevėžys County
864481	LT	61	Siauliai	115806	Europe/Vilnius	Okręg szawelski|Šiauliai County|Šiaulių apskritis
864482	LT	62	Tauragė County	21203	Europe/Vilnius	Okręg tauroski|Taurage County|Tauragės apskritis
864483	LT	63	Telsiai	72668	Europe/Vilnius	Okręg telszański|Telšiai County|Telšių apskritis
864484	LT	64	Utena	43421	Europe/Vilnius	Okręg uciański|Utena County|Utenos apskritis
864485	LT	65	Vilnius	941996	Europe/Vilnius	Okręg wileński|Vilniaus apskritis|Vilnius County
864552	BG	41	Gabrovo	72715	Europe/Sofia	Gabrova
864553	BG	44	Kardzhali	44071	Europe/Sofia	Oblast Kardzhali
864554	BG	45	Kyustendil	81620	Europe/Sofia	
864555	BG	54	Shumen	72342	Europe/Sofia	
864556	BG	55	Silistra	29498	Europe/Sofia	
864557	BG	56	Sliven	107365	Europe/Sofia	
864558	BG	57	Smolyan	30689	Europe/Sofia	
864559	BG	59	Stara Zagora	184609	Europe/Sofia	
864560	BG	60	Targovishte	51364	Europe/Sofia	Oblast Targovishte
864561	BG	62	Veliko Tarnovo	122115	Europe/Sofia	Oblast Veliko Tarnovo
864562	BG	63	Vidin	34797	Europe/Sofia	
864563	BG	65	Yambol	63656	Europe/Sofia	
865084	SK	03	Košice Region	335746	Europe/Bratislava	Kassai körzet|Kosice Region|Košický
865085	SK	05	Prešov Region	266489	Europe/Bratislava	Eperjesi körzet|Presov Region|Prešovský
865518	RO	43	Ilfov	82499	Europe/Bucharest	Ilfov County|Ilfov megye
865521	TR	93	Düzce	249627	Europe/Istanbul	Duzce
865536	GE	68	Kvemo Kartli	154649	Asia/Tbilisi	Aşağı Kartli
865537	GE	67	Kakheti	19875	Asia/Tbilisi	Kaxeti diyarı
865538	GE	65	Guria	0		Quriya
865539	GE	66	Imereti	176017	Asia/Tbilisi	İmereti
865540	GE	73	Shida Kartli	98062	Asia/Tbilisi	Yuxarı Kartli
865541	GE	69	Mtskheta-Mtianeti	0		Mtsxeta-Mtianeti
865542	GE	70	Racha-Lechkhumi and Kvemo Svaneti	0		Raça-Ləçxumi və Aşağı Svaneti
865543	GE	71	Samegrelo and Zemo Svaneti	81242	Asia/Tbilisi	Samegrelo-Zemo Svaneti|Samegrelo-Zemo Svanetis Mkhare|Samegrelo-Zemo Svanet’i|Samegrelo-Zemo Svanet’is Mkhare|Sameqrelo-Yuxarı Svaneti diyarı
865544	GE	72	Samtskhe-Javakheti	17445	Asia/Tbilisi	Samtsxe-Cavaxeti diyarı
865730	AL	40	Berat County	93309	Europe/Tirane	
865731	AL	41	Dibër County	26826	Europe/Tirane	Diber County
865732	AL	43	Elbasan County	140795	Europe/Tirane	
865733	AL	45	Gjirokastër County	23437	Europe/Tirane	Gjirokaster County
865734	AL	46	Korçë County	104329	Europe/Tirane	Korce County
865735	AL	47	Kukës County	36125	Europe/Tirane	Kukes County
873909	MD	60	Bălţi	125000	Europe/Chisinau	Balti
875996	AO	14	Moxico	382107	Africa/Luanda	Moxico Province
877416	TZ	14	Ruvuma	486934	Africa/Dar_es_Salaam	Mkoa wa Ruvuma
877744	TZ	11	Mtwara	454581	Africa/Dar_es_Salaam	Mkoa wa Mtwara
886119	ZW	02	Midlands Province	375966	Africa/Harare	
886747	ZW	07	Matabeleland South Province	85274	Africa/Harare	Dunhu reMatabeleland South
886748	ZW	06	Matabeleland North	74965	Africa/Harare	Dunhu reMatabeleland North|Matabeleland North Province
886761	ZW	08	Masvingo Province	190103	Africa/Harare	
886841	ZW	05	Mashonaland West	441740	Africa/Harare	Mashonaland West Province
886842	ZW	04	Mashonaland East Province	190287	Africa/Harare	Mahusekwa
886843	ZW	03	Mashonaland Central	66046	Africa/Harare	Mashonaland Central Province
887358	ZW	01	Manicaland	297667	Africa/Harare	
896140	ZM	01	Western Province	234418	Africa/Lusaka	
896972	ZM	07	Southern Province	610093	Africa/Lusaka	
900594	ZM	06	North-Western	548228	Africa/Lusaka	
900601	ZM	05	Northern Province	371945	Africa/Lusaka	
909129	ZM	09	Lusaka Province	2824735	Africa/Lusaka	
909845	ZM	04	Luapula Province	362423	Africa/Lusaka	
917388	ZM	03	Eastern Province	513734	Africa/Lusaka	Eastern Zambia
917524	ZM	08	Copperbelt	2217637	Africa/Lusaka	
921064	ZM	02	Central Province	513810	Africa/Lusaka	
921780	KM	03	Mohéli	17291	Indian/Comoro	Moheli|Mwali|Île Autonome de Mohéli
921882	KM	02	Grande Comore	74749	Indian/Comoro	Île Autonome de Grande Comore
922001	KM	01	Anjouan	26313	Indian/Comoro	Île Autonome d'Anjouan
922727	CD	22	Lualaba	1296131	Africa/Lubumbashi	
923817	MW	S	Southern Region	1247553	Africa/Blantyre	Chigaŵa cha Kummwela
924591	MW	N	Northern Region	409808	Africa/Blantyre	Chigaŵa cha Kumpoto
931597	MW	C	Central Region	1373544	Africa/Blantyre	Chigaŵa cha Pakati
932011	LS	19	Thaba-Tseka	16765	Africa/Maseru	Thaba-Tseka District
932184	LS	18	Quthing	33910	Africa/Maseru	Quthing District
932219	LS	17	Qacha's Nek District	25573	Africa/Maseru	Qacha's Nek
932418	LS	16	Mokhotlong District	0		Mokhotlong
932439	LS	15	Mohale's Hoek District	46593	Africa/Maseru	Mohale's Hoek
932506	LS	14	Maseru District	359753	Africa/Maseru	Maseru
932615	LS	13	Mafeteng District	45287	Africa/Maseru	Mafeteng
932700	LS	12	Leribe	105883	Africa/Maseru	Leribe District
932888	LS	11	Butha-Buthe	40599	Africa/Maseru	Butha-Buthe District
932932	LS	10	Berea	65319	Africa/Maseru	Berea District
933043	BW	10	Ngwaketsi	71886	Africa/Gaborone	Motsana wa Molapowabojang|Ngwaketsi District|Southern District
933044	BW	09	South-East	105632	Africa/Gaborone	South-East District
933210	BW	08	North-East	0		North-East District
933230	BW	11	North-West	85350	Africa/Gaborone	North-West District
933562	BW	06	Kweneng	233652	Africa/Gaborone	Kweneng District
933654	BW	05	Kgatleng	50321	Africa/Gaborone	Kgatleng District
933657	BW	04	Kgalagadi	0		Kgalagadi District|Kgalagadi le dikgaolo tse di mabapi
933758	BW	03	Ghanzi	19012	Africa/Gaborone	Ghanzi District|Kgaolo ya Ghanzi
933840	BW	12	Chobe	0		
933851	BW	01	Central	256241	Africa/Gaborone	Central District|Kgaolo ya Legare
934017	MU	20	Savanne	0		
934090	MU	19	Rivière du Rempart	21063	Indian/Mauritius	Riviere du Rempart
934153	MU	18	Port Louis	155226	Indian/Mauritius	
934166	MU	17	Plaines Wilhems	382570	Indian/Mauritius	
934212	MU	16	Pamplemousses	55324	Indian/Mauritius	
934275	MU	15	Moka	16704	Indian/Mauritius	
934466	MU	14	Grand Port	17042	Indian/Mauritius	
934522	MU	13	Flacq	35746	Indian/Mauritius	
934718	MU	12	Black River	17818	Indian/Mauritius	
934867	SZ	04	Shiselweni	0		
934994	SZ	03	Manzini Region	110537	Africa/Mbabane	Manzini
935042	SZ	02	Lubombo Region	0		Lubombo
935085	SZ	01	Hhohho Region	80775	Africa/Mbabane	Hhohho
936339	TF	02	Crozet	0		Archipel Crozet
967573	ZA	03	Free State	2975532	Africa/Johannesburg	Foreistata|Freistata|Fuleyistata|IFleyistata|IPhondo yaFreyistata|Vrystaat
972062	ZA	02	KwaZulu-Natal	6683754	Africa/Johannesburg	HaZulu-Natal|Hazolo-Natala|KwaZulu Natala|KwaZulu-Natala|KwaZulu-Natali|Kwazulu-Natal|iKwaZulu-Natal
1024312	MZ	09	Zambezia Province	898327	Africa/Maputo	Zambézia
1026010	MZ	08	Tete	449134	Africa/Maputo	Province of Tete|Província de Tete|Tete Province
1026804	MZ	05	Sofala	905228	Africa/Maputo	Província de Sofala
1030006	MZ	07	Niassa Province	492043	Africa/Maputo	Província do Niassa
1033354	MZ	06	Nampula	1516886	Africa/Maputo	Nampula Province|Província de Nampula
1040649	MZ	04	Maputo Province	1401553	Africa/Maputo	Maputo|Província de Maputo
1040947	MZ	10	Manica	561096	Africa/Maputo	
1045110	MZ	03	Inhambane Province	289291	Africa/Maputo	Província de Inhambane
1046058	MZ	02	Gaza Province	347472	Africa/Maputo	Província de Gaza
1051823	MZ	01	Cabo Delgado Province	482969	Africa/Maputo	Província de Cabo Delgado
1085593	ZA	05	Eastern Cape	3358601	Africa/Johannesburg	IMpumalanga Kapa|IPhondo yaMpuma-Koloni|Kapa Bohlabela|Kapa Botjhabela|Kapa Vhubvaḓuvha|Oos-Kaap|Province of Eastern Cape
1085594	ZA	06	Gauteng	21370206	Africa/Johannesburg	IGauteng|IPhondo yaRhawuti|Kgauteng|iGauteng
1085595	ZA	07	Mpumalanga	2534990	Africa/Johannesburg	IPhondo yaMpumalanga
1085596	ZA	08	Northern Cape	315522	Africa/Johannesburg	INyakatho Kapa|IPhondo yaseMntla-Koloni|Kapa Bokone|Kapa Devhula|Kapa Leboa|Kapa Leboya|Noord-Kaap|Province of Northern Cape
1085597	ZA	09	Limpopo	1414718	Africa/Johannesburg	ILimpopo|IPhondo yaLimpopo|Limpopo Province
1085598	ZA	10	North West	2145937	Africa/Johannesburg	Bokone Bophirim|Devhula-Vhukovhela|IPhondo yaseMntla-Ntshona|Leboa Bohlabela Transvaal|Leboya Bophirimela|Noordwes|Nyakatho-Ntshonalanga
1085599	ZA	11	Western Cape	7140543	Africa/Johannesburg	INtshonalanga Kapa|Kapa Bodikela|Kapa Bophirimela|Kapa Vhukovhela|Ntshona Koloni|Wes-Kaap
1090052	NA	28	Zambezi Region	33615	Africa/Windhoek	Caprivi|Sambesi
1105843	ZW	09	Bulawayo	665952	Africa/Harare	
1105844	ZW	10	Harare	2120424	Africa/Harare	Harare Province
1105845	MZ	11	Maputo City	1254837	Africa/Maputo	
1106583	MU	22	Cargados Carajos	0		Écueils des Cargados Carajos
1114926	UZ	12	Surxondaryo Region	313034	Asia/Samarkand	Surxondaryo viloyati
1114927	UZ	10	Samarqand Region	881606	Asia/Samarkand	Samarqand viloyati
1114928	UZ	08	Qashqadaryo	623556	Asia/Samarkand	Kashkadarya Province|Qashqadaryo Viloyati
1114929	UZ	02	Bukhara	479501	Asia/Samarkand	Buxoro|Buxoro viloyati
1121143	AF	28	Zabul	0		Zabul Province|Zobul viloyati
1121863	AF	27	Maidan Wardak Province	0		Maidan Vardak viloyati
1123230	AF	26	Takhar	108515	Asia/Kabul	Takhar Province|Taxor viloyati
1127106	AF	33	Sar-e Pol Province	67498	Asia/Kabul	Sarupul viloyati
1127766	AF	32	Samangan	47823	Asia/Kabul	
1131054	AF	40	Parwan	181881	Asia/Kabul	Parvan
1131256	AF	29	Paktika	0		Paktika Province
1131257	AF	36	Paktia	103601	Asia/Kabul	Paktia Province|Paktiya
1131461	AF	39	Oruzgan	0		Orūzgān|Orūzgān Province
1131821	AF	19	Nimroz	64984	Asia/Kabul	Nimruz Province|Nimruz viloyati
1132366	AF	18	Nangarhar	286998	Asia/Kabul	Nangarhar Province|Nangarhor
1134561	AF	17	Logar	22305	Asia/Kabul	Logar Province|Luvgar
1135022	AF	35	Laghman	17345	Asia/Kabul	Laghman Province
1135690	AF	24	Kunduz	257977	Asia/Kabul	Kunduz Province|Qunduz viloyati
1135702	AF	34	Kunar	64108	Asia/Kabul	
1138255	AF	14	Kapisa	0		Kapisa viloyati
1138335	AF	23	Kandahar	523300	Asia/Kabul	Qandahor viloyati
1138957	AF	13	Kabul	4525120	Asia/Kabul	Kabul Province|Kabul welaýaty|Kobul viloyati
1139049	AF	31	Jowzjan	70659	Asia/Kabul	
1140025	AF	11	Herat	656086	Asia/Kabul	Herat Province|Hirot viloyati
1140043	AF	10	Helmand	113122	Asia/Kabul	Helmand Province|Hilmand viloyati
1141103	AF	09	Ghowr	15967	Asia/Kabul	Ghur
1141268	AF	08	Ghazni	141000	Asia/Kabul	Ghazni Province
1142226	AF	07	Faryab	113800	Asia/Kabul	Faryab Province|Foryob
1142263	AF	06	Farah	43561	Asia/Kabul	Farah Province
1147239	AF	05	Bamyan	126863	Asia/Kabul	Bomiyon
1147288	AF	30	Balkh	703116	Asia/Kabul	Balkh Province|Balx
1147537	AF	03	Baghlan	187181	Asia/Kabul	
1147707	AF	02	Badghis	30000	Asia/Kabul	Badghis Province
1147745	AF	01	Badakhshan	100036	Asia/Kabul	Badakhshan Province|Badaxshon
1149965	TH	15	Uthai Thani	38834	Asia/Bangkok	Uthai Thani Province
1150006	TH	65	Trang	83299	Asia/Bangkok	Trang Province
1150489	TH	08	Tak	104412	Asia/Bangkok	Tak Province
1150514	TH	60	Surat Thani	229750	Asia/Bangkok	Surat Thani Province
1150532	TH	09	Sukhothai	122921	Asia/Bangkok	Sukhothai Province
1150953	TH	52	Ratchaburi	374100	Asia/Bangkok	Ratchaburi Province
1150964	TH	59	Ranong province	24561	Asia/Bangkok	
1151073	TH	57	Prachuap Khiri Khan	261058	Asia/Bangkok	Prachuap Khiri Khan Province
1151253	TH	62	Phuket	373603	Asia/Bangkok	Changwat Phuket|Phuket Province
1151416	TH	56	Phetchaburi	157084	Asia/Bangkok	Phetchaburi Province
1151462	TH	61	Phang Nga	48004	Asia/Bangkok	Phang Nga Province
1152221	TH	01	Mae Hong Son	0		Mae Hong Son Province
1152467	TH	05	Lamphun	58803	Asia/Bangkok	Lamphun Province
1152472	TH	06	Lampang	174598	Asia/Bangkok	Lampang Province
1152631	TH	63	Krabi	31219	Asia/Bangkok	Krabi Province
1153080	TH	50	Kanchanaburi	239396	Asia/Bangkok	
1153089	TH	11	Kamphaeng Phet	80676	Asia/Bangkok	Kamphaeng Phet Province
1153555	TH	58	Chumphon	71977	Asia/Bangkok	Chumphon Province
1153668	TH	03	Chiang Rai	143948	Asia/Bangkok	Chiang Rai Province
1153670	TH	02	Chiang Mai	195894	Asia/Bangkok	
1159456	IR	04	Sistan and Baluchestan	1114194	Asia/Tehran	Sistan and Baluchestan Province|Sîstan û Belûçistan
1162015	PK	08	Islamabad	619166	Asia/Karachi	
1164807	PK	05	Sindh	22271721	Asia/Karachi	Sindh Province
1167710	PK	04	Punjab	50202928	Asia/Karachi	Punjab Province
1168873	PK	03	Khyber Pakhtunkhwa	10556085	Asia/Karachi	
1168878	PK	07	Gilgit-Baltistan	519760	Asia/Karachi	
1183606	PK	02	Balochistan	3303506	Asia/Karachi	Balochistan Province
1184196	PK	06	Azad Kashmir	1331174	Asia/Karachi	Azad Jammu and Kashmir|Pakistan Occupied Kashmir
1213642	ID	26	North Sumatra	5398423	Asia/Jakarta	Daerah Tingkat I Sumatera Utara|Noord-Sumatra|Propinsi Sumatra Utara|Provinsi Sumatera Utara|Sumatera Utara|Sumatra Lor
1215638	ID	01	Aceh	1043032	Asia/Jakarta	Provinsi Nanggroe Aceh Darussalam|Special Region of Aceh
1218666	TM	05	Mary	325036	Asia/Ashgabat	Mari viloyati|Mary Province|Mary welaýaty
1219651	TM	04	Lebap	368172	Asia/Ashgabat	Lebap viloyati|Lebap welaýaty
1221092	TJ	03	Sughd	1179234	Asia/Dushanbe	
1221692	TJ	01	Gorno-Badakhshan	56500	Asia/Dushanbe	
1223421	LK	36	Western Province	2340878	Asia/Colombo	Basnāhira|Mel
1225265	LK	35	Uva Province	68522	Asia/Colombo	Uva
1227618	LK	34	Southern Province	489514	Asia/Colombo	Dakuṇu|Teṉ
1228435	LK	33	Sabaragamuwa Province	65794	Asia/Colombo	Caprakamuva|Sabaragamuva
1232860	LK	32	North Western Province	98944	Asia/Colombo	Vayaṁba|Vaṭamēl
1232870	LK	30	North Central Province	60943	Asia/Colombo	Uturumăda|Vaṭamattiya
1249296	LK	29	Central Province	281735	Asia/Colombo	Madhyama|Mattiya
1252881	IN	28	West Bengal	20152302	Asia/Kolkata	Bengale-Occidental|State of West Bengal
1253626	IN	36	Uttar Pradesh	34502869	Asia/Kolkata	State of Uttar Pradesh
1254169	IN	26	Tripura	696144	Asia/Kolkata	State of Tripura
1254788	IN	40	Telangana	15549401	Asia/Kolkata	Télangana
1255053	IN	25	Tamil Nadu	37248647	Asia/Kolkata	
1256312	IN	29	Sikkim	100286	Asia/Kolkata	State of Sikkim
1258899	IN	24	Rajasthan	16621470	Asia/Kolkata	State of Rājasthān
1259223	IN	23	Punjab	9696704	Asia/Kolkata	Pendjab|Penjab
1259424	IN	22	Puducherry	1211732	Asia/Kolkata	L'État de Pondichéry|Pondicherry|Territoire de Pondichéry|Union Territory of Pondicherry|Union Territory of Puducherry
1261029	IN	21	Odisha	7341882	Asia/Kolkata	
1262271	IN	20	Nagaland	475903	Asia/Kolkata	
1262963	IN	31	Mizoram	475259	Asia/Kolkata	State of Mizoram
1263207	IN	18	Meghalaya	541871	Asia/Kolkata	State of Meghālaya
1263706	IN	17	Manipur	589696	Asia/Kolkata	State of Manipur
1264418	IN	16	Maharashtra	56153328	Asia/Kolkata	
1264542	IN	35	Madhya Pradesh	18043875	Asia/Kolkata	
1265206	IN	14	Lakshadweep	0		Laquedives|Union Territory of Lakshadweep
1267254	IN	13	Kerala	15492379	Asia/Kolkata	
1267701	IN	19	Karnataka	23090731	Asia/Kolkata	
1269320	IN	12	Jammu and Kashmir	2911787	Asia/Kolkata	Cachemire|Jammu-et-Cachemire|Kashmir|State of Jammu and Kashmīr
1270101	IN	11	Himachal Pradesh	495567	Asia/Kolkata	
1270260	IN	10	Haryana	8387945	Asia/Kolkata	
1270770	IN	09	Gujarat	26514070	Asia/Kolkata	
1271157	IN	33	Goa	599479	Asia/Kolkata	
1273293	IN	07	Delhi	19508235	Asia/Kolkata	National Capital Territory of Delhi
1274744	IN	05	Chandigarh	970602	Asia/Kolkata	
1275715	IN	34	Bihar	11995067	Asia/Kolkata	
1278253	IN	03	Assam	3245724	Asia/Kolkata	State of Assam|Ôxôm
1278341	IN	30	Arunachal Pradesh	196872	Asia/Kolkata	
1278629	IN	02	Andhra Pradesh	16878392	Asia/Kolkata	
1278647	IN	01	Andaman and Nicobar	217663	Asia/Kolkata	Andaman and Nicobar Island|Andaman and Nicobar Islands|Andaman et Nicobar|Îles Andaman-et-Nicobar
1279685	CN	14	Tibet	2637032	Asia/Shanghai	Tibet Autonomous Region|Xizang|Xizang Autonomous Region
1280239	CN	06	Qinghai	3533362	Asia/Shanghai	Qinghai Province
1281843	MV	47	Vaavu Atholhu	0		
1281881	MV	46	Thaa Atholhu	0		
1281892	MV	45	Shaviyani Atholhu	0		
1281893	MV	01	Seenu	0		
1281918	MV	44	Raa Atoll	0		
1281937	MV	43	Noonu Atoll	0		Noonu Atholhu
1281945	MV	42	Gnyaviyani Atoll	0		
1281985	MV	41	Meemu Atholhu	0		
1282096	MV	39	Faadhippolhu Atoll	0		
1282101	MV	05	Laamu	0		
1282208	MV	38	Kaafu Atoll	103693	Indian/Maldives	
1282293	MV	37	Haa Dhaalu Atholhu	0		
1282294	MV	36	Haa Alifu Atholhu	0		
1282328	MV	35	Gaafu Dhaalu Atoll	0		Gaafu Daalu Atoll|Huvadu South|South Huvadhu Atoll|Suvadiva South
1282329	MV	34	Gaafu Alif Atoll	0		Gaafu Aliff Atoll|Gaafu Alifu Atoll|Huvadu North|North Huvadhoo|North Huvadhu Atoll|Suvadiva Atoll|Suvadiva North
1282393	MV	33	Faafu Atholhu	0		
1282447	MV	32	Dhaalu Atholhu	0		
1282478	MV	31	Baa Atholhu	0		
1282497	MV	30	Northern Ari Atoll	0		Alif Alif Atoll|Ari Atholhu Uthuruburi
1293118	MM	12	Tanintharyi Region	368030	Asia/Yangon	
1297099	MM	11	Shan State	1589111	Asia/Yangon	
1298480	MM	10	Sagaing Region	943187	Asia/Yangon	
1298822	MM	17	Yangon	7486477	Asia/Yangon	Rangoon
1298852	MM	01	Rakhine	889247	Asia/Yangon	
1300463	MM	16	Bago Region	910845	Asia/Yangon	
1308528	MM	13	Mon	975786	Asia/Yangon	
1311871	MM	08	Mandalay Region	2262728	Asia/Yangon	
1312604	MM	15	Magway	731660	Asia/Yangon	
1319539	MM	06	Kayah State	17293	Asia/Yangon	
1320233	MM	05	Kayin State	170779	Asia/Yangon	
1321702	MM	04	Kachin State	463509	Asia/Yangon	
1321850	MM	03	Ayeyarwady	971040	Asia/Yangon	
1327132	MM	02	Chin State	24926	Asia/Yangon	
1337166	BD	83	Rajshahi Division	3390531	Asia/Dhaka	Rājshāhi Bibhag
1337179	BD	81	Dhaka Division	18480730	Asia/Dhaka	
1337200	BD	84	Chittagong	7400082	Asia/Dhaka	Chôţţogram
1337210	BD	82	Khulna Division	2749606	Asia/Dhaka	
1337229	BD	85	Barisal Division	774405	Asia/Dhaka	
1337278	BT	05	Bumthang District	0		
1337279	BT	06	Chukha	27658	Asia/Thimphu	Chukha District
1337280	BT	08	Dagana	0		Dagana District
1337281	BT	07	Tsirang District	22376	Asia/Thimphu	
1337282	BT	09	Sarpang District	0		
1337283	BT	10	Haa	0		Haa District
1337284	BT	11	Lhuntse	0		Lhuntse District
1337285	BT	12	Mongar	0		Mongar District
1337286	BT	13	Paro	0		Paro District
1337287	BT	14	Pemagatshel	0		Pemagatshel District
1337288	BT	15	Punakha	21500	Asia/Thimphu	
1337289	BT	16	Samtse District	0		
1337290	BT	17	Samdrup Jongkhar	0		Samdrup Jongkhar District
1337291	BT	18	Zhemgang District	0		
1337292	BT	19	Trashigang District	0		
1337293	BT	20	Thimphu District	98676	Asia/Thimphu	
1337294	BT	21	Tongsa	0		
1337295	BT	22	Wangdi Phodrang	0		
1337624	MV	40	Male	0		Maale
1346798	KG	08	Osh Region	432027	Asia/Bishkek	Oshskaya Oblast’
1347488	TJ	02	Khatlon Province	533432	Asia/Dushanbe	
1444362	AF	37	Khowst	96123	Asia/Kabul	Khost|Khost Province|Xust viloyati
1444363	AF	38	Nuristan	0		Nuristan Province|Nuriston
1444364	IN	37	Chhattisgarh	5146655	Asia/Kolkata	
1444365	IN	38	Jharkhand	8007154	Asia/Kolkata	
1444366	IN	39	Uttarakhand	1885643	Asia/Kolkata	
1463580	KG	09	Batken	135168	Asia/Bishkek	Batken Oblasty|Batken Oblusu|Batkenskaya Oblast’|Botken
1477362	BD	86	Sylhet Division	558128	Asia/Dhaka	Sylhet Bibhag
1484838	UZ	14	Tashkent Region	1026887	Asia/Tashkent	Toshkent viloyati
1484839	UZ	13	Tashkent	2727828	Asia/Tashkent	Toshkent Shahri
1484840	UZ	16	Sirdaryo Region	163398	Asia/Tashkent	Sirdaryo viloyati
1484841	UZ	07	Navoiy Region	193458	Asia/Samarkand	Navoiy viloyati
1484842	UZ	06	Namangan	1128944	Asia/Tashkent	Namangan viloyati
1484843	UZ	05	Xorazm Region	390093	Asia/Samarkand	Xorazm viloyati
1484844	UZ	15	Jizzakh Region	332017	Asia/Samarkand|Asia/Tashkent	Jizzax viloyati
1484845	UZ	03	Fergana	1176902	Asia/Tashkent	Fergana Province
1484846	UZ	01	Andijan Region	1191666	Asia/Tashkent	Andijon viloyati
1486462	RU	87	Yamalo-Nenets	405000	Asia/Yekaterinburg	Yamalo-Nenets Autonomous Okrug
1488747	RU	78	Tyumen Oblast	1026900	Asia/Yekaterinburg	Tyumen’ Oblast
1488873	RU	79	Republic of Tyva	116983	Asia/Krasnoyarsk	Tuva|Tyva Republic
1489421	RU	75	Tomsk Oblast	783576	Asia/Tomsk	
1490542	RU	71	Sverdlovsk Oblast	3670502	Asia/Yekaterinburg	
1496152	RU	54	Omsk Oblast	1243165	Asia/Omsk	
1496745	RU	53	Novosibirsk Oblast	2119272	Asia/Novosibirsk	
1501312	RU	40	Kurgan Oblast	440818	Asia/Yekaterinburg	
1502020	RU	91	Krasnoyarsk Krai	2175103	Asia/Krasnoyarsk	
1503773	RU	32	Khanty-Mansia	1318452	Asia/Yekaterinburg	Khanty-Mansi-Yugra
1503834	RU	31	Khakasiya Republic	323783	Asia/Krasnoyarsk	Khakassia
1503900	RU	29	Kuzbass	2355475	Asia/Novokuznetsk	Kemerovo Oblast|Kemerovo Oblast-Kuzbass|Kemerovskaya Oblast’-Kuzbass
1506272	RU	03	Altai	78642	Asia/Barnaul	Altai Republic|Altay Republic
1508290	RU	13	Chelyabinsk	2786863	Asia/Yekaterinburg	Chelyabinsk Oblast
1511732	RU	04	Altai Krai	1334714	Asia/Barnaul	Altay Kray
1514967	MN	19	Uvs Province	30092	Asia/Hovd	Uvs|Uvs Aymag|Uvs nuur aymag
1515696	MN	12	Hovd	29800	Asia/Hovd	Hovd Aymag|Khovd Province
1515917	MN	10	Govi-Altai Province	17617	Asia/Hovd	Gobi-Altai Aimak|Govĭ-Altay|Govĭ-Altay Aymag|Gov’-Altay aymag|Gow’ Altaï
1516012	MN	09	Dzabkhan	16265	Asia/Hovd	Dzavhan|Dzavhan Aymag
1516278	MN	03	Bayan-Ölgii Province	28400	Asia/Hovd	Bayan-OElgii Province|Bayan-Ölgiy|Bayan-Ölgiy Aymag
1516290	MN	02	Bayankhongor	30931	Asia/Ulaanbaatar	Bayanhongor|Bayanhongor Aymag
1517381	KZ	15	East Kazakhstan	454347	Asia/Almaty	Shyghys Qazaqstan Oblysy|Vostochno-Kazakhstanskaya Oblast’
1518003	KZ	03	Aqmola	313956	Asia/Almaty	Akmolinskaya Oblast’|Aqmola Oblysy
1519367	KZ	16	North Kazakhstan	200920	Asia/Almaty	Severo-Kazakhstanskaya Oblast’|Soltüstik Qazaqstan Oblysy
1520239	KZ	11	Pavlodar Region	495280	Asia/Almaty	Pavlodar Oblysy|Pavlodar oblısı|Pavlodarskaya Oblast’
1521406	KZ	14	Kyzylorda	511391	Asia/Qyzylorda	Kyzl-Orda Oblast’|Kyzylordinskaya Oblast’|Qyzylorda Oblysy
1521671	KZ	13	Kostanay	459104	Asia/Qostanay	Kostanayskaya Oblast’|Qostanay Oblysy
1523401	KZ	12	Karaganda	869349	Asia/Almaty	Karaganda Region|Karagandinskaya Oblast’|Qaraghandy Oblysy
1524444	KZ	17	Zhambyl	500377	Asia/Almaty	Zhambyl Oblysy|Zhambylskaya Oblast’
1524787	KZ	10	Turkistan	497601	Asia/Almaty	Turkistan Oblast
1526395	KZ	02	Almaty	1977011	Asia/Almaty	
1527297	KG	06	Talas Region	40308	Asia/Bishkek	Talas|Talas Oblasty|Talas Oblusu|Talas Province|Talasskaya Oblast’
1527590	KG	04	Naryn Region	41178	Asia/Bishkek	Naryn|Naryn Oblasty|Naryn Oblusu|Narynskaya Oblast’|Norin
1528260	KG	07	Issyk-Kul	142301	Asia/Bishkek	Issyk-Kul Region|Issyk-Kul’skaya Oblast’|Ysyk-Köl|Ysyk-Köl Oblasty|Ysyk-Köl Oblusu
1528334	KG	01	Bishkek	900000	Asia/Bishkek	Bishkek Shaary
1529047	CN	13	Xinjiang	12903571	Asia/Shanghai|Asia/Urumqi	Shinjang|Shinjang Uyghur Aptonom Rayoni|Xinjiang Uyghur Autonomous Region|Xinjiang Uyghur Zizhiqu
1529778	KG	03	Jalal-Abad Region	318233	Asia/Bishkek	Dzhalal-Abadskaya Oblast’|Jalal-Abad Oblasty|Jalal-Abad Oblusu|Jalolobod
1537162	KZ	01	Almaty Region	186248	Asia/Almaty	Almatinskaya Oblast’|Almaty|Almaty Oblysy
1537272	KZ	1537272	Shymkent	1200000	Asia/Almaty	
1538316	KZ	08	Baikonur	70000	Asia/Qostanay	Bayqongyr|Bayqongyr Qalasy
1538317	KZ	05	Astana	1544142	Asia/Almaty	
1538652	KG	02	Chuy Region	224197	Asia/Bishkek	Chuy|Chuyskaya Oblast’|Chüy|Chüy Oblasty|Chüy Oblusu
1546558	TF	03	Kerguelen	45	Indian/Kerguelen	
1547221	TF	01	Saint-Paul-et-Amsterdam	0		
1547449	MU	23	Rodrigues	0		Île Rodrigues
1559532	PW	11	Ngatpang	0		
1559630	PW	16	Sonsorol	0		
1559774	PW	05	Kayangel	0		
1559776	PW	04	Hatohobei	0		
1559964	PW	01	Aimeliik	0		
1559969	VN	40	Nghệ An Province	1156373	Asia/Bangkok|Asia/Ho_Chi_Minh	Nghe An Province|Province de Nghe An
1565033	VN	46	Thừa Thiên Huế Province	1662796	Asia/Bangkok|Asia/Ho_Chi_Minh	Province de Thua Thien Hue|Thua Thien Hue Province
1566165	VN	38	Thanh Hóa Province	1484847	Asia/Bangkok|Asia/Ho_Chi_Minh	Thanh Hoa Province|Thanh Hóa
1567643	VN	14	Sơn La Province	297829	Asia/Bangkok|Asia/Ho_Chi_Minh	Son La Province|Sơn La
1568758	VN	22	Quảng Ninh	1175781	Asia/Bangkok|Asia/Ho_Chi_Minh	Quang Ninh
1576632	VN	20	Lạng Sơn Province	244630	Asia/Bangkok|Asia/Ho_Chi_Minh	Lang Son Province|Lạng Sơn
1577954	VN	12	Lai Châu Province	42973	Asia/Bangkok	Lai Chau Province|Lai Châu
1580700	VN	42	Hà Tĩnh Province	472452	Asia/Bangkok	Ha Tinh Province|Hà Tĩnh
1581129	VN	01	Hanoi	13872804	Asia/Bangkok|Asia/Ho_Chi_Minh	Hanoï
1586182	VN	04	Cao Bằng Province	111707	Asia/Bangkok|Asia/Ho_Chi_Minh	Cao Bang Province|Cao Bằng
1604767	TH	72	Yasothon	21643	Asia/Bangkok	
1604869	TH	70	Yala	123162	Asia/Bangkok	Yala Province
1605214	TH	10	Uttaradit	58313	Asia/Bangkok	Uttaradit Province
1605277	TH	49	Trat	115828	Asia/Bangkok	Trat Province
1606029	TH	29	Surin	46673	Asia/Bangkok	Surin Province
1606032	TH	51	Suphan Buri	53399	Asia/Bangkok	Suphan Buri Province
1606146	TH	68	Songkhla	406369	Asia/Bangkok	Songkhla Province
1606238	TH	30	Si Sa Ket	81372	Asia/Bangkok	Sisaket Province
1606269	TH	33	Sing Buri	35359	Asia/Bangkok	Sing Buri Province
1606375	TH	67	Satun	34544	Asia/Bangkok	Satun Province
1606417	TH	37	Saraburi	212129	Asia/Bangkok	
1606585	TH	54	Samut Songkhram	35065	Asia/Bangkok	Samut Songkhram Province
1606587	TH	55	Samut Sakhon	178221	Asia/Bangkok	Samut Sakhon Province
1606589	TH	42	Samut Prakan	644578	Asia/Bangkok	Samut Prakan Province
1606789	TH	20	Sakon Nakhon	108822	Asia/Bangkok	Sakon Nakhon Province
1607000	TH	25	Roi Et	75309	Asia/Bangkok	Roi Et Province
1607016	TH	47	Rayong	207974	Asia/Bangkok	Rayong Province
1607530	TH	36	Phra Nakhon Si Ayutthaya	157277	Asia/Bangkok	Phra Nakhon Si Ayutthaya Province
1607551	TH	07	Phrae	55557	Asia/Bangkok	Phrae Province
1607707	TH	12	Phitsanulok	128807	Asia/Bangkok	Phitsanulok Province
1607724	TH	13	Phichit	88799	Asia/Bangkok	Phichit Province
1607736	TH	14	Phetchabun	152560	Asia/Bangkok	Phetchabun Province
1607758	TH	41	Phayao	44882	Asia/Bangkok	Phayao Province
1607778	TH	66	Phatthalung	43522	Asia/Bangkok	Phatthalung Province
1607976	TH	69	Pattani	74801	Asia/Bangkok	Pattani Province
1607982	TH	39	Pathum Thani	231709	Asia/Bangkok	Pathum Thani Province
1608132	TH	38	Nonthaburi	588744	Asia/Bangkok	Nonthaburi Province
1608231	TH	17	Nong Khai	114109	Asia/Bangkok	Nong Khai Province
1608408	TH	31	Narathiwat	124650	Asia/Bangkok	Narathiwat Province
1608451	TH	04	Nan	24670	Asia/Bangkok	Nan Province
1608525	TH	64	Nakhon Si Thammarat	182010	Asia/Bangkok	Nakhon Si Thammarat Province
1608526	TH	16	Nakhon Sawan	99811	Asia/Bangkok	Nakhon Sawan Province
1608528	TH	27	Nakhon Ratchasima	312167	Asia/Bangkok	Nakhon Ratchasima Province
1608530	TH	73	Nakhon Phanom	34595	Asia/Bangkok	Nakhon Phanom Province
1608533	TH	53	Nakhon Pathom	172956	Asia/Bangkok	Nakhon Pathom Province
1608538	TH	43	Nakhon Nayok	21309	Asia/Bangkok	Nakhon Nayok Province
1608595	TH	78	Mukdahan	40480	Asia/Bangkok	
1608899	TH	24	Maha Sarakham	51584	Asia/Bangkok	Maha Sarakham Province
1609031	TH	34	Lopburi	82957	Asia/Bangkok	Lopburi Province
1609070	TH	18	Loei	82236	Asia/Bangkok	Loei Province
1609348	TH	40	Bangkok	12241538	Asia/Bangkok	
1609775	TH	22	Khon Kaen	196377	Asia/Bangkok	Khon Kaen Province
1610468	TH	23	Kalasin	131212	Asia/Bangkok	Kalasin Province
1611108	TH	46	Chon Buri	834141	Asia/Bangkok	Chonburi Province
1611268	TH	48	Chanthaburi	138330	Asia/Bangkok	Chanthaburi Province
1611406	TH	26	Chaiyaphum	121524	Asia/Bangkok	Chaiyaphum Province
1611415	TH	32	Chai Nat	15469	Asia/Bangkok	Chai Nat Province
1611438	TH	44	Chachoengsao	91418	Asia/Bangkok	Chachoengsao Province
1611452	TH	28	Buriram	65808	Asia/Bangkok	Buri Ram|Buriram Province
1621034	TH	35	Ang Thong	19129	Asia/Bangkok	Ang Thong Province
1621176	ID	10	Yogyakarta	1198804	Asia/Jakarta	Special Region of Yogyakarta
1622470	TL	VI	Viqueque	0		Distrito Viqueque|Distritu Viqueque|Kabupaten Viqueque|Município de Viqueque|Munisípiu Vikeke|Vikeke|Viqueque District
1626196	ID	32	South Sumatra	2505669	Asia/Jakarta	Provinsi Sumatera Selatan|Sumatera Selatan|Sumatra Kidul|Sumatra Selatan|Zuid-Sumatra
1626197	ID	24	West Sumatra	1455576	Asia/Jakarta	Provinsi Sumatera Barat|Sumatera Barat|Sumatera Kulon|Sumatra Barat|West-Sumatra
1626229	ID	31	North Sulawesi	933166	Asia/Makassar	Noord-Celebes|Provinsi Sulawesi Utara|Sulawesi Lor|Sulawesi Utara
1626230	ID	22	Southeast Sulawesi	614274	Asia/Makassar	Provinsi Sulawesi Tenggara|Sulawesi Kidul-Wétan
1626231	ID	21	Central Sulawesi	753474	Asia/Makassar	Midden-Celebes|Provinsi Sulawesi Tengah|Sulawesi Tengah
1626232	ID	38	South Sulawesi	2260831	Asia/Makassar	Sulawesi Kidul|Sulawesi Selatan|Zuid-Celebes
1629652	ID	37	Riau	2870400	Asia/Jakarta	
1633791	ID	18	East Nusa Tenggara	1171718	Asia/Makassar	Daerah Tingkat I Nusa Tenggara Timur|Nusa Tenggara Wétan|Provinsi Nusa Tenggara Timur
1633792	ID	17	West Nusa Tenggara	906987	Asia/Makassar	Nusa Tenggara Kulon|Propinsi Nusa Tenggara Barat|Provinsi Nusa Tenggara Barat
1636309	TL	MF	Manufahi	0		Distrito Manufahi|Distritu Manufahi|Kabupaten Manofahi|Manufahi Municipality|Município de Manufahi|Munisípiu Manufahi
1636525	TL	MT	Manatuto	0		Distrito Manatuto|Distritu Manatuto|Kabupaten Manatuto|Manatuto District|Manatuto Municipality|Manatutu|Município de Manatuto|Munisípiu Manatutu
1636627	ID	28	Maluku	636155	Asia/Jayapura	Provinsi Maluku
1637729	TL	LI	Liquiçá	35300	Asia/Dili	Circunscrição Civil de Liquiçá|Distrito Liquiçá|Distritu Liquiçá|Kabupaten Liquica|Likisá|Liquica|Liquiçá District|Liquiçá Municipality|Município de Liquiçá|Munisípiu Likisá
1638294	TL	LA	Lautém	17186	Asia/Dili	Circunscrição Civil de Lautém|Distrito Lautém|Distritu Lautém|Kabupaten Lautem|Lautein|Lautem|Lautém District|Lautém Municipality|Município de Lautém|Munisípiu Lautein
1638535	ID	15	Lampung	1443291	Asia/Jakarta	Provinsi Lampung
1639462	TL	CO	Cova Lima	21539	Asia/Dili	Cova Lima District|Cova Lima Municipality|Cova-Lima|Covalima|Distrito Cova Lima|Distritu Cova Lima|Kabupaten Kovalima|Kovalima|Município de Covalima|Munisípiu Kovalima
1641897	ID	14	East Kalimantan	2115445	Asia/Makassar	Kalimantan Timur|Kalimantan Wétan|Oost-Kalimantan|Provinsi Kalimantan Timur
1641898	ID	13	Central Kalimantan	676118	Asia/Jakarta|Asia/Pontianak	Kalimantan Tengah|Provinsi Kalimantan Tengah
1641899	ID	12	South Kalimantan	1231251	Asia/Makassar	Kalimantan Kidul|Kalimantan Selatan|Provinsi Kalimantan Selatan|Zuid-Kalimantan
1641900	ID	11	West Kalimantan	1236393	Asia/Ho_Chi_Minh|Asia/Pontianak	Kalimantan Barat|Kalimantan Kulon|Provinsi Kalimantan Barat|West-Kalimantan
1642668	ID	08	East Java	9931802	Asia/Jakarta	Jawa Timur|Jawa Wétan|Oost-Java|Provinsi Jawa Timur
1642669	ID	07	Central Java	8977683	Asia/Jakarta	Jawa Tengah|Midden-Java|Provinsi Jawa Tengah
1642672	ID	30	West Java	18246293	Asia/Jakarta	Jawa Barat|Jawa Kulon|Provinsi Jawa Barat|West-Java
1642856	ID	05	Jambi	885171	Asia/Jakarta	Provinsi Jambi
1642907	ID	04	Jakarta	8568866	Asia/Jakarta	Daerah Khusus Ibukota Jakarta|Jakarta Special Capital Region
1643012	ID	36	Papua	578510	Asia/Jayapura	Special Region of Papua
1644865	TL	ER	Ermera	16304	Asia/Dili	Distrito Ermera|Distritu Ermera|Ermera District|Kabupaten Ermera|Município de Ermera|Munisípiu Ermera
1645456	TL	DI	Dili Municipality	150000	Asia/Dili	Dili|Distrito Díli|Distritu Díli|Díli|Kabupaten Dili|Município de Díli|Munisípiu Díli
1648513	TL	BO	Bobonaro	22000	Asia/Dili	Bobonaro Municipality|Bobonaru|Distrito Bobonaro|Distritu Bobonaro|Kabupaten Bobonaro|Município de Bobonaro|Munisípiu Bobonaru
1649147	ID	03	Bengkulu	443566	Asia/Jakarta	
1649538	TL	BA	Baucau	32000	Asia/Dili	Baucau District|Baucau Municipality|Baukau|Distrito Baucau|Distritu Baucau|Kabupaten Baucau|Município de Baucau|Munisípiu Baukau
1650535	ID	02	Bali	1710391	Asia/Makassar	Provinsi Bali|Pulau Bali
1651539	TL	OE	Oecusse	0		Distrito Oecussi-Ambeno|Distritu Oecussi-Ambeno|Kabupaten Ambeno
1651809	TL	AN	Ainaro	0		Ainaro District|Ainaro Municipality|Ainaru|Distrito Ainaro|Distritu Ainaro|Kabupaten Ainaro|Município de Ainaro|Munisípiu Ainaru
1651815	TL	AL	Aileu	17356	Asia/Dili	Aileu District|Aileu Municipality|Distrito Aileu|Distritu Aileu|Kabupaten Aileu|Município de Aileu|Munisípiu Aileu
1652077	LA	14	Xiangkhoang	37507	Asia/Vientiane	
1652210	LA	13	Xiagnabouli	0		
1652238	LA	27	Vientiane	25000	Asia/Vientiane	Vientiane Province
1653315	LA	20	Savannakhet Province	166553	Asia/Vientiane	Savannakhét
1653333	LA	19	Salavan Province	21304	Asia/Vientiane	Salavan
1653893	LA	18	Phôngsali	0		Phongsali
1654491	LA	07	Oudômxai	25000	Asia/Vientiane	Oudomxai
1655558	LA	17	Luang Prabang Province	55027	Asia/Vientiane	province de Louang-Phabang
1655561	LA	16	Loungnamtha	23500	Asia/Vientiane	
1656538	LA	15	Khammouane Province	90800	Asia/Vientiane	Khammouan
1657114	LA	03	Houaphan	56900	Asia/Vientiane	
1657818	LA	02	Champasak Province	77900	Asia/Vientiane	Champasak
1665045	LA	01	Attapu	0		
1733035	MY	04	Melaka	1031585	Asia/Kuala_Lumpur	
1733036	MY	13	Terengganu	704032	Asia/Kuala_Lumpur	
1733037	MY	12	Selangor	10456724	Asia/Kuala_Lumpur	
1733038	MY	11	Sarawak	1980982	Asia/Kuching	
1733039	MY	16	Sabah	2032158	Asia/Kuching	
1733040	MY	08	Perlis	83869	Asia/Kuala_Lumpur	
1733041	MY	07	Perak	2603225	Asia/Kuala_Lumpur	
1733042	MY	06	Pahang	1058351	Asia/Kuala_Lumpur	
1733043	MY	05	Negeri Sembilan	927915	Asia/Kuala_Lumpur	
1733044	MY	03	Kelantan	1207770	Asia/Kuala_Lumpur	
1733046	MY	14	Kuala Lumpur	3547244	Asia/Kuala_Lumpur	
1733047	MY	09	Penang	1904438	Asia/Kuala_Lumpur	Pulau Pinang
1733048	MY	02	Kedah	2492109	Asia/Kuala_Lumpur	
1733049	MY	01	Johor	7159782	Asia/Kuala_Lumpur	
1734240	MY	15	Labuan	95120	Asia/Kuala_Lumpur	Federal Territory of Labuan
1784764	CN	02	Zhejiang	40356957	Asia/Shanghai	Zhejiang Province
1785694	CN	29	Yunnan	18341894	Asia/Shanghai	Yinznanz|Yunnan Province
1792943	CN	28	Tianjin	14923847	Asia/Shanghai	Tianjin Municipality
1794299	CN	32	Sichuan	44349055	Asia/Shanghai	Province of Sichuan
1795912	CN	24	Shanxi	20291969	Asia/Shanghai	Shanxi Province
1796231	CN	23	Shanghai	59874060	Asia/Shanghai	Shanghai Municipality
1796328	CN	25	Shandong	76483769	Asia/Shanghai	Shandong Province
1796480	CN	26	Shaanxi	22301626	Asia/Shanghai	Sanjsih|Shaanxi Province
1799355	CN	21	Ningxia	13371046	Asia/Shanghai	Ningxia Hui Autonomous Region
1806222	CN	03	Jiangxi	13392859	Asia/Shanghai	Jiangxi Province
1806260	CN	04	Jiangsu	62951430	Asia/Shanghai	Jiangsu Province
1806691	CN	11	Hunan	18469409	Asia/Shanghai	Hunan Province
1806949	CN	12	Hubei	33712295	Asia/Shanghai	Hubei Province
1808520	CN	09	Henan	26823216	Asia/Shanghai	Henan Province
1808773	CN	10	Hebei	23164186	Asia/Shanghai	
1809054	CN	31	Hainan	7743427	Asia/Shanghai	Hainan Province
1809445	CN	18	Guizhou	11760237	Asia/Shanghai	Guizhou Province|Gveicouh
1809867	CN	16	Guangxi	19833477	Asia/Shanghai	Guangxi Zhuang Autonomous Region|Gvangjsih|Gvangjsih Bouxcuengh Swcigih
1809935	CN	30	Guangdong	110215586	Asia/Macau|Asia/Shanghai	Guangdong Province
1810676	CN	15	Gansu	15265196	Asia/Shanghai	Gansu Province
1811017	CN	07	Fujian	17638200	Asia/Shanghai	
1814905	CN	33	Chongqing	43632958	Asia/Shanghai	Chongqing Municipality
1818058	CN	01	Anhui	29273995	Asia/Shanghai	Anhui Province
1818224	HK	NYL	Yuen Long	1102185	Asia/Hong_Kong	
1818458	HK	NTW	Tsuen Wan	395379	Asia/Hong_Kong	
1818672	HK	NTP	Tai Po	334498	Asia/Hong_Kong	
1819049	HK	NSK	Sai Kung District	535229	Asia/Hong_Kong	
1819708	HK	NIS	Islands	269205	Asia/Hong_Kong	
1820068	BN	04	Tutong	19151	Asia/Brunei	Daerah Tutong
1820106	BN	03	Temburong	0		Daerah Temburong
1820818	BN	02	Brunei-Muara District	163274	Asia/Brunei	Brunei dan Muara|Brunei-Muara|Daerah Brunei dan Muara
1820869	BN	01	Belait	47991	Asia/Brunei	Daerah Belait
1821301	KH	12	Pursat	52476	Asia/Phnom_Penh	Pouthisat
1821310	KH	29	Battambang	135730	Asia/Phnom_Penh	Battambang Province
1821939	KH	19	Takeo	982449	Asia/Phnom_Penh	
1821992	KH	18	Svay Rieng	67739	Asia/Phnom_Penh	Svay Rieng Province
1822028	KH	17	Stung Treng	25000	Asia/Phnom_Penh	Stoeng Treng
1822210	KH	27	Ŏtâr Méanchey	75621	Asia/Phnom_Penh	Otar Meanchey
1822213	KH	24	Siem Reap	155635	Asia/Phnom_Penh	
1822449	KH	23	Ratanakiri	36205	Asia/Phnom_Penh	Khétt Rôtânôkiri|Province de Ratanakiri|Ratanakiri Province
1822609	KH	14	Prey Veng	33079	Asia/Phnom_Penh	
1822676	KH	13	Preah Vihear	24380	Asia/Phnom_Penh	Preah Vihear Province
1830103	KH	22	Phnom Penh	1697813	Asia/Phnom_Penh	Municipalité de Phnom-Penh
1830206	KH	30	Pailin	17850	Asia/Phnom_Penh	Khétt Pailĭn
1830306	KH	10	Mondolkiri	0		Môndôl Kiri
1830563	KH	09	Kratie	100914	Asia/Phnom_Penh	
1830937	KH	26	Kep	35990	Asia/Phnom_Penh	Khétt Kêb
1831037	KH	08	Koh Kong	62463	Asia/Phnom_Penh	Province de Kaoh Kong
1831095	KH	07	Kandal	52066	Asia/Phnom_Penh	Kandal Province
1831111	KH	21	Kampot	22691	Asia/Phnom_Penh	Kampot Province
1831124	KH	05	Kampong Thom	41678	Asia/Phnom_Penh	
1831132	KH	04	Kampong Speu Province	58399	Asia/Phnom_Penh	Kampong Spoe
1831166	KH	03	Kampong Chhnang	75244	Asia/Phnom_Penh	Kampong Chhnang Province
1831172	KH	02	Kampong Cham	77860	Asia/Phnom_Penh	Kampong Cham Province
1833742	KR	21	Ulsan	1098421	Asia/Seoul	Ulsan-gwangyŏksi
1835224	KR	19	Daejeon	1441203	Asia/Seoul	Taejŏn-gwangyŏksi
1835327	KR	15	Daegu	2430241	Asia/Seoul	Daegu-si|Taegu-gwangyŏksi
1835847	KR	11	Seoul	10477454	Asia/Seoul	Seoul-si
1838519	KR	10	Busan	3461535	Asia/Seoul	Busan-si|Pusan-gwangyŏksi
1841597	KR	14	Gyeongsangbuk-do	2300317	Asia/Seoul	Gyeongbuk|Kyŏngbuk|Kyŏngsang-bukto
1841610	KR	13	Gyeonggi-do	9542454	Asia/Seoul	Gyeonggi
1841808	KR	18	Gwangju	1835606	Asia/Seoul	Gwangju-si|Kwangju-gwangyŏksi
1843125	KR	06	Gangwon-do	1370612	Asia/Seoul	Gangwon|Kangwŏn|Kangwŏn-do
1843561	KR	12	Incheon	3041017	Asia/Seoul	Incheon-si
1845105	KR	17	Chungcheongnam-do	1365089	Asia/Seoul	Chungnam|Ch’ungch’ŏng-namdo|Ch’ungnam
1845106	KR	05	North Chungcheong	1304576	Asia/Seoul	Chungbuk|Chungcheongbuk-do|Ch’ungbuk|Ch’ungch’ŏng-bukto
1845788	KR	16	Jeollanam-do	1640347	Asia/Seoul	Chŏlla-namdo|Chŏllam|Jeonnam
1845789	KR	03	Jeollabuk-do	1762392	Asia/Seoul	Chŏlla-bukto|Chŏnbuk|Jeonbuk
1846265	KR	01	Jeju-do	893700	Asia/Seoul	Jeju|Jeju Island
1848649	JP	46	Yamanashi	920311	Asia/Tokyo	Yamanashi Prefecture
1848681	JP	45	Yamaguchi	1498144	Asia/Tokyo	Yamaguchi Prefecture
1848938	JP	43	Wakayama	1200787	Asia/Tokyo	Wakayama Prefecture
1849872	JP	42	Toyama	1219172	Asia/Tokyo	Toyama Prefecture
1849890	JP	41	Tottori	485794	Asia/Tokyo	Tottori Prefecture
1850144	JP	40	Tokyo	23056850	Asia/Tokyo	Tokyo Metropolis|Tokyo Prefecture
1850157	JP	39	Tokushima	688092	Asia/Tokyo	Tokushima Prefecture
1850310	JP	38	Tochigi	2124716	Asia/Tokyo	Tochigi Prefecture
1851715	JP	37	Shizuoka	3803397	Asia/Tokyo	Shizuoka Prefecture
1852442	JP	36	Shimane	647197	Asia/Tokyo	Shimane Prefecture
1852553	JP	35	Shiga	1452135	Asia/Tokyo	Shiga Prefecture
1853226	JP	34	Saitama	7773472	Asia/Tokyo	Saitama Prefecture
1853299	JP	33	Saga	780435	Asia/Tokyo	Saga Prefecture
1853904	JP	32	Osaka	8906723	Asia/Tokyo	Osaka Prefecture|Ōsaka|Ōsaka Prefecture
1854345	JP	47	Okinawa	1547074	Asia/Tokyo	Okinawa Prefecture
1854381	JP	31	Okayama	1839891	Asia/Tokyo	Okayama Prefecture
1854484	JP	30	Oita	1215323	Asia/Tokyo	Oita Prefecture|Ōita Prefecture|Ōita-ken
1855429	JP	29	Niigata	2504940	Asia/Tokyo	Niigata Prefecture
1855608	JP	28	Nara	1446388	Asia/Tokyo	Nara Prefecture
1856156	JP	27	Nagasaki	1303842	Asia/Tokyo	Nagasaki Ken|Nagasaki Prefecture
1856210	JP	26	Nagano	1890524	Asia/Tokyo	Nagano Prefecture
1856710	JP	25	Miyazaki	1054385	Asia/Tokyo	Miyazaki Prefecture
1857352	JP	23	Mie	1798865	Asia/Tokyo	Mie Prefecture
1857907	JP	22	Kyoto	2776709	Asia/Tokyo	Kyoto Prefecture|Kyōto Prefecture|Kyōto-fu
1858419	JP	21	Kumamoto	2258514	Asia/Tokyo	Kumamoto Prefecture
1859133	JP	20	Kochi	632041	Asia/Tokyo	Kochi Prefecture|Kōchi Ken
1860291	JP	19	Kanagawa	10590242	Asia/Tokyo	Kanagawa Prefecture
1860825	JP	18	Kagoshima	1750548	Asia/Tokyo	Kagoshima Prefecture
1860834	JP	17	Kagawa	924976	Asia/Tokyo	Kagawa Prefecture
1861387	JP	15	Ishikawa	1147833	Asia/Tokyo	Ishikawa Prefecture
1862047	JP	13	Hyōgo	5710302	Asia/Tokyo	Hyogo|Hyogo Prefecture|Hyōgo Prefecture
1862413	JP	11	Hiroshima	2991606	Asia/Tokyo	Hiroshima Prefecture
1863501	JP	10	Gunma	1949370	Asia/Tokyo	Gunma Prefecture
1863640	JP	09	Gifu	1959048	Asia/Tokyo	Gifu Prefecture
1863958	JP	07	Fukuoka	5297583	Asia/Tokyo	Fukuoka Ken|Fukuoka Prefecture
1863983	JP	06	Fukui	843848	Asia/Tokyo	Fukui Prefecture
1864226	JP	05	Ehime	1814649	Asia/Tokyo	Ehime Prefecture
1865694	JP	01	Aichi	7707867	Asia/Tokyo	Aichi Prefecture
1871856	KP	12	Pyongyang	3668470	Asia/Pyongyang	P'yŏngyang-si|Pyongyang-si
1871952	KP	15	South Pyongan	1576644	Asia/Pyongyang	P’yŏngan-namdo|South P’yŏngan Province
1871954	KP	11	P'yŏngan-bukto	435683	Asia/Pyongyang	P'yongan-bukto|P’yŏngan-bukto
1876101	KP	09	Kangwŏn-do	427560	Asia/Pyongyang	Kangwon-do|Kangwŏn
1876884	KP	06	South Hwanghae	1619740	Asia/Pyongyang	
1876888	KP	07	North Hwanghae	562267	Asia/Pyongyang	
1877450	KP	03	South Hamgyong	1501307	Asia/Pyongyang	Hamgyŏng-namdo
1899262	KH	28	Preah Sihanouk	73036	Asia/Phnom_Penh	Khétt Preăh Seihânŭ
1899273	KH	25	Banteay Meanchey	137503	Asia/Phnom_Penh	Banteay Mean Chey|Banteay Meanchey Province
1902028	KR	20	Gyeongsangnam-do	3040961	Asia/Seoul	Gyeongnam|Kyŏngnam|Kyŏngsang-namdo
1904615	LA	26	Xékong	20116	Asia/Vientiane	Xekong
1904616	LA	22	Bokeo	80848	Asia/Vientiane	Bokeo Province|Bokèo
1904617	LA	23	Bolikhamsai	40321	Asia/Vientiane	Bolikhamsai Province|Bolikhamxai
1904618	LA	24	Vientiane Prefecture	840940	Asia/Vientiane	Vientiane
1905099	VN	11	Điện Biên Province	105122	Asia/Bangkok|Asia/Ho_Chi_Minh	GJien Bien Province|Province de Điện Biên
1906686	TH	76	Udon Thani	244963	Asia/Bangkok	Udon Thani Province
1906687	TH	74	Prachin Buri	507992	Asia/Bangkok	Prachinburi Province
1906688	TH	75	Ubon Ratchathani	221187	Asia/Bangkok	Ubon Ratchathani Province
1906689	TH	77	Amnat Charoen	34769	Asia/Bangkok	Amnat Charoen Province
1906690	TH	79	Nong Bua Lamphu	65425	Asia/Bangkok	Nong Bua Lamphu Province
1906691	TH	80	Sa Kaeo	65032	Asia/Bangkok	Sa Kaeo Province
1923045	ID	33	Banten	5017712	Asia/Jakarta	Bantam|Provinsi Banten
1923046	ID	34	Gorontalo	205390	Asia/Makassar	Propinsi Gorontalo
1923047	ID	35	Bangka–Belitung Islands	495953	Asia/Jakarta	Bangka-Belitung Islands|Banka-Billiton|Kepulauan Bangka Belitung|Provinsi Kepulauan Bangka Belitung
1958070	ID	29	North Maluku	355501	Asia/Jayapura	Maluku Utara|North Malaku Province|Provinsi Maluku Utara
1996549	ID	39	West Papua	173287	Asia/Jayapura	Provinsi Papua Barat
1996550	ID	41	West Sulawesi	139683	Asia/Makassar	Provinsi Sulawesi Barat
1996551	ID	40	Riau Islands	276616	Asia/Jakarta	Kepulauan Riau
1996552	MY	17	Putrajaya	50000	Asia/Kuala_Lumpur	Wilayah Persekutuan Putrajaya
2013162	RU	63	Sakha	420881	Asia/Yakutsk	Sakha (Yakutiya) Republic
2017623	RU	59	Primorye	1409621	Asia/Vladivostok	Primorskiy (Maritime) Kray
2022888	RU	30	Khabarovsk	1051467	Asia/Vladivostok	Khabarovsk Krai
2023468	RU	20	Irkutsk Oblast	1803198	Asia/Irkutsk	
2026639	RU	89	Jewish Autonomous Oblast	73623	Asia/Vladivostok	Yevrey (Jewish) Autonomous Oblast
2027748	RU	05	Amur Oblast	482102	Asia/Yakutsk	
2028461	MN	20	Ulaanbaatar	884397	Asia/Ulaanbaatar	Ulaanbaatar Hot
2028849	MN	18	Central Aimak	33906	Asia/Ulaanbaatar	Central|Central Aymag|Tsentral’nyy Aymag|Tsentral’nyy Aymak|Töv|Töv Aymag
2029155	MN	17	Sühbaatar	18190	Asia/Ulaanbaatar	Suhbaatar|Sühbaatar Aymag
2029432	MN	16	Selenge Province	41571	Asia/Ulaanbaatar	Selenge|Selenge Aymag
2029546	MN	15	Övörhangay	57344	Asia/Ulaanbaatar	OEvoerhangay|South Hangay|South Khangay|Övörhangay Aymag|Övörkhangay
2029669	MN	14	Ömnögovĭ	24863	Asia/Ulaanbaatar	OEmnoegovi|Yuzhno-Gobiyskiy Aymak|Yuzhno-gobiyskiy Aymag|Ömnögovi Province|Ömnögovĭ Aymag|Ömnögov’ aymag|Ömnögow’|Ömönö Gobi Aymag
2030469	MN	13	Khövsgöl Province	39404	Asia/Ulaanbaatar	Hövsgöl|Hövsgöl Aymag|Khoevsgoel Province|Khubsugul’skiy Aymak|Kosogol’skiy Aymak
2030783	MN	11	Hentiy	22741	Asia/Ulaanbaatar	Hentiy Aymag
2031740	MN	08	Middle Govĭ	0		Dund-gobi|Dundgovĭ|Dundgovĭ Aymag|Dundgov’ aymag|Dundgow’|Middle Govi
2031798	MN	07	East Gobi Aymag	19891	Asia/Ulaanbaatar	Dorno-Gobi Aimak|Dornogovi Province|Dornogovĭ|Dornogovĭ Aymag|Dornogov’ aymag|Dorono Gobi Aymag|East Govĭ
2031799	MN	06	East Aimak	44835	Asia/Ulaanbaatar	Choybalsan Aymag|Dornod|Dornod Aymag|Eastern|Eastern Aymag
2032199	MN	21	Bulgan	17348	Asia/Ulaanbaatar	Bulgan Aymag|Bulgan Province
2032855	MN	01	Arkhangai Province	21620	Asia/Ulaanbaatar	Arhangay|Arhangay Aymag
2035607	CN	20	Inner Mongolia	17316904	Asia/Shanghai	Inner Mongolia Autonomous Region
2036115	CN	19	Liaoning	36280989	Asia/Shanghai	Liaoning Province
2036500	CN	05	Jilin	13811063	Asia/Shanghai	Jilin Province
2036965	CN	08	Heilongjiang	23181957	Asia/Shanghai	Heilongjiang Province
2038349	CN	22	Beijing	19811313	Asia/Shanghai	Beijing Municipality
2039332	KP	13	Yanggang-do	342351	Asia/Pyongyang	
2044245	KP	17	North Hamgyong	1264532	Asia/Pyongyang	
2045265	KP	01	Chagang	564288	Asia/Pyongyang	
2050915	RU	11	Buryatiya Republic	428592	Asia/Irkutsk	
2054927	KP	18	Rason	120886	Asia/Pyongyang	Rason-si|Rasŏn|Rasŏn-si
2055111	MN	23	Darhan Uul	83883	Asia/Ulaanbaatar	Darhan-Uul|Darhan-Uul Aymag
2055112	MN	24	Govĭ-Sumber	0		Govi-Sumber|Govĭsümber|Govĭsümber Aymag
2055113	MN	25	Orhon	97814	Asia/Ulaanbaatar	Orhon Aymag
2058645	AU	08	Western Australia	3086441	Australia/Perth	State of Western Australia|West Australia|West Coast
2061327	AU	05	South Australia	1706678	Australia/Adelaide	
2064513	AU	03	Northern Territory	199509	Australia/Darwin	
2081175	FM	04	Yap State	0		
2081550	FM	02	Pohnpei State	6942	Pacific/Pohnpei	
2082036	FM	01	Kosrae	0		
2082282	FM	03	Chuuk	0		
2083546	PG	17	West New Britain Province	18847	Pacific/Port_Moresby	Wes Niu Briten
2083549	PG	06	Western Province	15214	Pacific/Port_Moresby	Westen Provins
2083551	PG	16	Western Highlands Province	33623	Pacific/Port_Moresby	Westen Hailans
2086331	PG	05	Southern Highlands Province	26252	Pacific/Port_Moresby	Sauten Hailans
2087246	PG	18	Sandaun Province	0		Sandaun
2089470	PG	07	Bougainville	40266	Pacific/Bougainville	
2089478	PG	04	Oro Province	28198	Pacific/Port_Moresby	Oro
2089693	PG	15	New Ireland	0		New Ireland Province|Niu Ailan
2089856	PG	20	National Capital	283733	Pacific/Port_Moresby	
2090468	PG	14	Morobe Province	92297	Pacific/Port_Moresby	Morobe
2091495	PG	13	Manus Province	0		Manus
2091993	PG	12	Madang Province	27419	Pacific/Port_Moresby	Madang
2096633	PG	02	Gulf Province	0		Gulf Provins
2097655	PG	19	Enga Province	0		Enga
2097846	PG	11	East Sepik Province	18230	Pacific/Port_Moresby	Is Sepik
2097853	PG	10	East New Britain Province	26273	Pacific/Port_Moresby	East New Britain|Is Niu Briten
2097855	PG	09	Eastern Highlands Province	18503	Pacific/Port_Moresby	Isten Hailans
2098593	PG	08	Chimbu Province	0		Simbu
2101556	SB	11	Western Province	0		
2106552	SB	03	Malaita Province	0		
2108262	SB	07	Isabel Province	0		
2108831	SB	06	Guadalcanal Province	66161	Pacific/Guadalcanal	
2109495	SB	10	Central Province	0		
2110215	KI	01	Gilbert Islands	40311	Pacific/Tarawa	
2110341	TV	NUI	Nui	0		
2110345	TV	NMA	Nanumea	0		
2110384	TV	FUN	Funafuti	6320	Pacific/Funafuti	
2110418	NR	14	Yaren District	1100	Pacific/Nauru	Yaren
2110420	NR	13	Uaboe District	0		Uaboe
2110423	NR	12	Nibok District	0		Nibok
2110431	NR	11	Meneng District	0		Meneng
2110432	NR	10	Ijuw District	0		Ijuw
2110435	NR	09	Ewa District	0		Ewa
2110437	NR	08	Denigomodu District	0		Denigomodu
2110440	NR	07	Buada District	0		Buada
2110441	NR	06	Boe District	0		Boe
2110442	NR	05	Baiti District	0		Baiti
2110445	NR	04	Anibare District	0		Anibare
2110448	NR	03	Anetan District	0		Anetan
2110449	NR	02	Anabar District	0		Anabar
2110451	NR	01	Aiwo District	0		Aiwo
2110554	JP	44	Yamagata	969003	Asia/Tokyo	Yamagata Prefecture
2111888	JP	24	Miyagi	2352027	Asia/Tokyo	Miyagi Prefecture|Miyagi prefecture
2112518	JP	16	Iwate	1204129	Asia/Tokyo	Iwate Prefecture
2112669	JP	14	Ibaraki	4046794	Asia/Tokyo	Ibaraki Prefecture
2112922	JP	08	Fukushima	1749783	Asia/Tokyo	Fukushima Prefecture|Fukushima-ken
2113014	JP	04	Chiba	6511463	Asia/Tokyo	Chiba Prefecture
2113124	JP	02	Akita	1016862	Asia/Tokyo	Akita Prefecture
2121529	RU	64	Sakhalin Oblast	326982	Asia/Sakhalin	
2123627	RU	44	Magadan Oblast	92782	Asia/Magadan	
2125072	RU	92	Kamchatka	247112	Asia/Kamchatka	Kamchatka Krai
2126099	RU	15	Chukotka	15604	Asia/Anadyr	Chukotka Autonomous Okrug
2130037	JP	12	Hokkaido	4833872	Asia/Tokyo	Hokkaidō
2130656	JP	03	Aomori	1133128	Asia/Tokyo	Aomori Prefecture
2132895	PG	03	Milne Bay Province	0		Milen Be
2133763	PG	01	Central Province	0		Sentral Provins
2134739	VU	15	Tafea	0		
2134898	VU	13	Sanma	0		
2137421	VU	07	Torba	0		Torba Province
2140464	NC	02	South Province	137086	Pacific/Noumea	Province Sud
2140685	NC	01	North Province	0		Province Nord
2145234	AU	07	Victoria	9304158	Australia/Melbourne	State of Victoria
2147291	AU	06	Tasmania	392450	Australia/Hobart	State of Tasmania
2152274	AU	04	Queensland	5807246	Australia/Brisbane	
2155400	AU	02	New South Wales	8912556	Australia/Broken_Hill|Australia/Sydney	
2177478	AU	01	Australian Capital Territory	457213	Australia/Sydney	
2178472	SB	09	Temotu Province	0		
2178730	SB	08	Makira-Ulawa Province	0		
2179538	NZ	G2	Wellington Region	699630	Pacific/Auckland	Te Whanga-nui-a-Tara|Whanganui-a-Tara
2179671	NZ	F3	Manawatu-Wanganui	159489	Pacific/Auckland	
2180293	NZ	G1	Waikato Region	249592	Pacific/Auckland	Waikato
2181818	NZ	TAS	Tasman District	19950	Pacific/Auckland	Te Tai-o-Aorere
2181872	NZ	F9	Taranaki Region	90100	Pacific/Auckland	Taranaki
2182501	NZ	F8	Southland	58000	Pacific/Auckland	Murihiku
2182560	NZ	E8	Bay of Plenty	245503	Pacific/Auckland	Bay of Plenty Region|Te Moana-a-Toi
2185978	NZ	F6	Northland	50900	Pacific/Auckland	Northland Region|Te Tai-tokerau
2187304	NZ	F4	Marlborough	29800	Pacific/Auckland	Marlborough region|Te Tauihu-o-te-waka
2190146	NZ	F2	Hawke's Bay Region	154700	Pacific/Auckland	Te Matau-a-Māui
2190767	NZ	F1	Gisborne	38100	Pacific/Auckland	Te Tairāwhiti
2192628	NZ	E9	Canterbury	523500	Pacific/Auckland	Canterbury Region|Waitaha
2193734	NZ	E7	Auckland	2677265	Pacific/Auckland	Tāmaki Makaurau|Tāmaki-makau-rau
2194371	FJ	05	Western	112406	Pacific/Fiji	Western Division
2199295	FJ	03	Northern	27949	Pacific/Fiji	Northern Division
2205272	FJ	01	Central	194048	Pacific/Fiji	Central Division
2208265	VU	16	Malampa	0		
2208266	VU	17	Penama	0		Pénama
2208267	VU	18	Shefa	35901	Pacific/Efate	
2210245	LY	77	Tripoli	1569334	Africa/Tripoli	
2210553	LY	76	Surt	122214	Africa/Tripoli	
2212774	LY	75	Sabha District	275715	Africa/Tripoli	distretto di Sebha
2214432	LY	74	Nalut	28431	Africa/Tripoli	
2214602	LY	73	Murzuq District	47237	Africa/Tripoli	distretto di Murzuch
2214845	LY	72	Misratah	605181	Africa/Tripoli	
2217350	LY	71	Ghat	0		
2218972	LY	68	Az Zawiyah	645104	Africa/Tripoli	
2219413	LY	78	Wadi ash Shati'	16200	Africa/Tripoli	
2219944	LY	64	Al Jufrah	24431	Africa/Tripoli	Distretto di Giofra|Jufra District
2221788	CM	09	South-West	835738	Africa/Douala	Province du Sud-Ouest|Région du Sud-Ouest|South-West Province|South-West Region|Sud-Ouest
2221789	CM	14	South	322185	Africa/Douala	Province du Sud|Région du Sud|South Province|South Region|Sud
2222934	CM	08	West	953277	Africa/Douala	Ouest|Province de l'Ouest|Région de l'Ouest|West Region
2223602	CM	07	North-West	795982	Africa/Douala	Nord-Ouest|North-West Province|North-West Region|Province du Nord-Ouest|Région du Nord-Ouest
2223603	CM	13	North	302662	Africa/Douala	Nord|North Province|North Region|Province du Nord|Région du Nord
2229336	CM	05	Littoral	1918151	Africa/Douala	Littoral Province|Littoral Region|Province du Littoral|Région du Littoral
2231755	CM	12	Far North	767674	Africa/Douala	Extreme-Nord|Extrême-Nord|Far North Region|Province de l'Extrême-Nord|Région de l'Extrême-Nord
2231835	CM	04	East	315722	Africa/Douala	East Province|East Region|Est|Province de l'Est|Région de l'Est
2233376	CM	11	Centre	1697851	Africa/Douala	Centre Region|Province du Centre|Région du Centre
2236015	CM	10	Adamaoua	421559	Africa/Douala	Adamaoua Province|Adamaoua Region|Adamawa|Adamawa Region|Province de l'Adamaoua|Région de l'Adamaoua
2236355	AO	16	Zaire	460631	Africa/Luanda	Zaire Province
2236566	AO	15	Uíge	511863	Africa/Luanda	Província do Uíge|Uige|Uíge Province
2239858	AO	12	Malanje	754024	Africa/Luanda	Malanje Province|Província de Malanje
2240444	AO	20	Luanda	11965558	Africa/Luanda	Luanda Province|Província de Luanda
2241660	AO	05	Cuanza Norte	446051	Africa/Luanda	Cuanza Norte Province
2243266	AO	03	Cabinda	615383	Africa/Luanda	Cabinda Province
2243598	AO	19	Bengo	1215324	Africa/Luanda	Bengo Province
2243939	SN	12	Ziguinchor	243516	Africa/Dakar	Diiwaanu Siggcoor|Ziguinchor Region
2244800	SN	07	Thies	1333930	Africa/Dakar	Thiès
2244990	SN	05	Tambacounda	164794	Africa/Dakar	Diiwaanu Tambaakundaa|Tambacounda Region
2246451	SN	14	Saint-Louis	369338	Africa/Dakar	Diiwaanu Ndar|Saint-Louis Region
2248753	SN	15	Matam	85205	Africa/Dakar	Diiwaanu Maatam|Matam Region
2249221	SN	13	Louga	230929	Africa/Dakar	Diiwaanu Luga|Louga Region
2249781	SN	11	Kolda	211758	Africa/Dakar	Diiwaanu Koldaa|Kolda Region
2250804	SN	10	Kaolack	384643	Africa/Dakar	Diiwaanu Kawlax|Kaolack Region
2251910	SN	09	Fatick	79137	Africa/Dakar	Diiwaanu Fatik
2252308	SN	03	Diourbel Region	1594747	Africa/Dakar	Diiwaanu Njaaréem|Diourbel
2253350	SN	01	Dakar	5168160	Africa/Dakar	Diiwaanu Ndakaaru
2255329	CG	10	Sangha	55769	Africa/Brazzaville	Sangha Department|département de la Sangha
2255404	CG	11	Pool	0		Département du Pool|Pool Department
2255422	CG	08	Plateaux	42090	Africa/Brazzaville	Département des Plateaux|Palató|Plateaux Department
2256175	CG	07	Niari	140104	Africa/Brazzaville	Niari Region
2258431	CG	06	Likouala	86145	Africa/Brazzaville	Likouala Department
2258534	CG	05	Lékoumou	33122	Africa/Brazzaville	Lekoumou|Lekumu|Lékoumou Department
2258738	CG	04	Kouilou	0		Kouilou Department|Kuilu
2260487	CG	13	Cuvette	98687	Africa/Brazzaville	Cuvette Department|Kuvete
2260668	CG	01	Bouenza	255687	Africa/Brazzaville	Bouenza Department|Buenza|Bwenza
2262961	PT	19	Setúbal	625841	Europe/Lisbon	District of Setúbal|Distrito de Setúbal|Setubal|Setúbal District|Çtrito de Setúbal
2263478	PT	18	Santarém	133442	Europe/Lisbon	District of Santarém|Distrito de Santarém|Santarem|Santarém District|Çtrito de Santaren
2264507	PT	16	Portalegre	22368	Europe/Lisbon	District of Portalegre|Distrito de Portalegre|Portalegre District|Çtrito de Portalegre
2267056	PT	14	Lisbon	2350300	Europe/Lisbon	District of Lisbon|Distrito de Lisboa|Lisboa|Lisbon District|Çtrito de Lhisboua
2267094	PT	13	Leiria	233751	Europe/Lisbon	District of Leiria|Distrito de Leiria|Leiria District|Çtrito de Lheirie
2268337	PT	09	Faro	306275	Europe/Lisbon	District of Faro|Distrito de Faro|Faro District|Çtrito de Faro
2268404	PT	08	Évora	53591	Europe/Lisbon	District of Évora|Distrito de Évora|Evora|Çtrito de Ébora|Évora District
2269513	PT	06	Castelo Branco	51089	Europe/Lisbon	Castelo Branco District|District of Castelo Branco|Distrito de Castelo Branco|Çtrito de Castielho Branco
2270984	PT	03	Beja	34760	Europe/Lisbon	Beja District|District of Beja|Distrito de Beja|Çtrito de Beija
2273898	LR	10	Sinoe County	20184	Africa/Monrovia	
2274688	LR	09	Nimba	126931	Africa/Monrovia	
2274890	LR	14	Montserrado County	1542549	Africa/Monrovia	
2275099	LR	13	Maryland County	70926	Africa/Monrovia	
2275344	LR	20	Lofa County	54103	Africa/Monrovia	
2276622	LR	19	Grand Gedeh County	38269	Africa/Monrovia	
2276627	LR	12	Grand Cape Mount County	0		
2276630	LR	11	Grand Bassa County	75854	Africa/Monrovia	
2278292	LR	01	Bong County	86031	Africa/Monrovia	
2278324	LR	15	Bomi County	22005	Africa/Monrovia	
2294076	GH	09	Western	979425	Africa/Accra	
2294234	GH	08	Volta	432670	Africa/Accra	
2294286	GH	11	Upper West	169386	Africa/Accra	
2294291	GH	10	Upper East	183887	Africa/Accra	
2297169	GH	06	Northern	603908	Africa/Accra	
2300569	GH	01	Greater Accra	3545257	Africa/Accra	
2301360	GH	05	Eastern	547063	Africa/Accra	
2302353	GH	04	Central	809777	Africa/Accra	
2304116	GH	02	Ashanti	3149703	Africa/Accra	
2310307	GQ	03	Annobon	0		Annobón Province
2313191	CD	24	Mai-Ndombe	336510	Africa/Kinshasa	Kizunga Mayi-Ndombe|Mai-Ndombe Province
2313847	CD	20	Kwilu	1046706	Africa/Kinshasa	Kwilu District|Kwilu Province
2313860	CD	19	Kwango	20060	Africa/Kinshasa	
2314300	CD	06	Kinshasa	16485167	Africa/Kinshasa	Kinshasa City
2317277	CD	08	Bas-Congo	1362031	Africa/Kinshasa	Bas-Congo Province|Kongo-Central
2322907	NG	51	Sokoto	1095879	Africa/Lagos	
2324433	NG	50	Rivers State	2513970	Africa/Lagos	Jihar rivers|Rivers|Ȯra Rivers
2324828	NG	49	Plateau State	1087056	Africa/Lagos	Diiwal Filato|Filato|Ȯra Plateau
2325190	NG	32	Oyo State	6066629	Africa/Lagos	Oyo|Ȯra Ọyọ
2326168	NG	48	Ondo State	2008505	Africa/Lagos	Ondo|Ȯra Ondo
2327546	NG	16	Ogun State	1886699	Africa/Lagos	Ogun|Ȯra Ogun
2328925	NG	31	Niger State	1248559	Africa/Lagos	Jihar Neja|Niger|Ȯra Niger
2332453	NG	05	Lagos	20211485	Africa/Lagos	Lagos State|Ȯra Lagos
2332785	NG	30	Kwara State	1411487	Africa/Lagos	Diiwal Kwara|Kwara|Ȯra Kwara
2334797	NG	24	Katsina State	902809	Africa/Lagos	Diiwal Katsína|Jihar Katsina|Ȯra Katsina
2335196	NG	29	Kano State	4988300	Africa/Lagos	Jihar Kano|Kano|Steeti Kano
2335722	NG	23	Kaduna State	3186408	Africa/Lagos	Jihar Kaduna|Kaduna Steeti|Leydi Kaduna
2337542	NG	28	Imo State	745111	Africa/Lagos	Imo|Imo Steetị
2345891	NG	22	Cross River State	876513	Africa/Lagos	Cross River|Ȯra Cross River
2346794	NG	27	Borno State	1545015	Africa/Lagos	Diiwal Borno|Jihar Borno|Ȯra Borno
2347266	NG	26	Benue State	855896	Africa/Lagos	Benue|Benue Steetị|Diiwal Benue
2347468	NG	46	Bauchi	836614	Africa/Lagos	Bauchi State|Diiwal Bawci|Jihar Bauchi|Ȯra Bawuchi
2349961	NG	25	Anambra	2692744	Africa/Lagos	Anambara|Anambra State|Anambra Steeti|Udi State
2350813	NG	21	Akwa Ibom State	865372	Africa/Lagos	Akwa Ibom|Diiwal Akwa Ibom|Ȯra Akwa Ibom
2352776	NG	11	FCT	2787367	Africa/Lagos	Babban Birnin Tarayya|Federal Capital Territory
2364205	TG	26	Savanes	122745	Africa/Lome	Région des Savanes|Savanes Nuto|Savanes Region
2364370	TG	25	Plateaux	252204	Africa/Lome	Plateaux Nuto|Plateaux Region|Région des plateaux
2365173	TG	24	Maritime	2334603	Africa/Lome	Maritime Nuto|Maritime Region|Région maritime
2367237	TG	22	Centrale	167811	Africa/Lome	Centrale Nuto|Centrale Region|Région centrale
2368955	GW	07	Tombali	0		Tombali Region
2370360	GW	02	Quinara	0		Quinara Region
2371071	GW	04	Oio	0		Região de Oio
2372533	GW	10	Gabú	49371	Africa/Bissau	Gabu
2374312	GW	06	Cacheu	0		
2374689	GW	05	Bolama	0		Bijagîs|Bijagós|Bolama Region|Bolama and Bijagos|Região de Bolama
2374776	GW	11	Bissau	802479	Africa/Bissau	Bissau Autonomous Region
2374820	GW	12	Biombo	0		Biombo Region
2375255	GW	01	Bafatá	52926	Africa/Bissau	Bafata
2375742	MR	06	Trarza	65081	Africa/Nouakchott	Région du Trarza|Wilaya de Trarza|Wilaya du Trarza
2375989	MR	11	Tiris Zemmour	55183	Africa/Nouakchott	Région du Tiris Zemmour|Tiris Zemmour Region|Tiris-Zemmour|Wilaya de Tiris Zemmour|Wilaya du Tiris Zemmour
2376551	MR	09	Tagant	0		Région du Tagant|Tagant Region|Wilaya du Tagant
2378903	MR	12	Inchiri	15851	Africa/Nouakchott	Inchiri Region|Région de l’Inchiri|Wilaya de l’Inchiri
2379024	MR	02	Hodh El Gharbi	43858	Africa/Nouakchott	Région du Hodh El Gharbi|Wilaya du Hodh el Gharby
2379025	MR	01	Hodh Ech Chargi	176791	Africa/Nouakchott	Hodh Ech Chargui Region|Hodh ech Chargui|Région du Hodh Ech Chargui|Wilaya du Hodh Charghi|Wilaya du Hodh ech Chargui
2379216	MR	10	Guidimaka	32653	Africa/Nouakchott	Guidimaka Region|Guidimakha|Région du Guidimaka|Wilaya du Guidimagha|Wilaya du Guidimagka|Wilaya du Guidimaka|Wilaya du Guidimakha
2379384	MR	04	Gorgol	56283	Africa/Nouakchott	Gorgol Region|Région du Gorgol|Wilaya du Gorgol
2380426	MR	08	Dakhlet Nouadhibou	146048	Africa/Nouakchott	Dakhlet Nouadhibou Region|Dakhlet-Nouadhibou|Région de Dakhlet Nouadhibou|Wilaya de Dakhlet Nouadhibou
2380635	MR	05	Brakna	54920	Africa/Nouakchott	Brakna Region|Région du Brakna|Wilaya du Brakna
2381344	MR	03	Assaba	128017	Africa/Nouakchott	Assaba Region|Région de l’Assaba|Wilaya de l’Assaba
2381972	MR	07	Adrar	31133	Africa/Nouakchott	Adrar Region|Région de l’Adrar|Wilaya de l’Adrar
2383204	CF	16	Sangha-Mbaéré	31923	Africa/Bangui	Sangha-Mbaere|Sangha-Mbaéré Prefecture|Sêse tî kömändâ-kötä tî Sangä-Mbaere
2383650	CF	13	Ouham-Pendé	57083	Africa/Bangui	Ouham-Pende|Ouham-Pendé Prefecture|Sêse tî kömändâ-kötä tî Wâmo-Pendë
2383653	CF	12	Ouham	55353	Africa/Bangui	Ouham Prefecture|Sêse tî kömändâ-kötä tî Wâmo
2383765	CF	17	Ombella-M'Poko	669872	Africa/Bangui	Ombella-M'Poko Prefecture|Sêse tî kömändâ-kötä tî Ömbëlä-Pökö
2384205	CF	09	Nana-Mambéré	143551	Africa/Bangui	Nana-Mambere|Nana-Mambéré Prefecture|Sêse tî kömändâ-kötä tî Nanä-Mambere
2385105	CF	07	Lobaye	38353	Africa/Bangui	Lobaye Prefecture|Sêse tî kömändâ-kötä tî Lobâye
2385836	CF	06	Kémo	51625	Africa/Bangui	Kemo|Kémo Prefecture|Sêse tî kömändâ-kötä tî Kemö
2386161	CF	04	Mambéré-Kadéï	103713	Africa/Bangui	Mambere-Kadei|Mambéré-Kadéï Prefecture|Sêse tî kömändâ-kötä tî Mambere-Kadei
2386243	CF	15	Nana-Grébizi	55047	Africa/Bangui	Nana-Grebizi|Nana-Grébizi Prefecture
2390719	BJ	18	Zou	322634	Africa/Porto-Novo	Zou Department
2392325	BJ	16	Ouémé	449384	Africa/Porto-Novo	Oueme|Ouémé Department
2392716	BJ	15	Mono	89068	Africa/Porto-Novo	Mono Department
2394992	BJ	10	Borgou	506596	Africa/Porto-Novo	Borgou Department
2395504	BJ	09	Atlantique	792177	Africa/Porto-Novo	Atlantique Department
2395524	BJ	08	Atakora	276867	Africa/Porto-Novo	Atacora|Atakora Department
2396076	GA	09	Woleu-Ntem	106500	Africa/Libreville	Woleu-Ntem Province
2396924	GA	08	Ogooué-Maritime	164018	Africa/Libreville	Ogooue-Maritime|Ogooué-Maritime Province
2396925	GA	07	Ogooué-Lolo	30830	Africa/Libreville	Ogooue-Lolo|Ogooué-Lol Province
2396926	GA	06	Ogooué-Ivindo	24823	Africa/Libreville	Ogooue-Ivindo|Ogooué-Ivindo Province
2397141	GA	05	Nyanga	36108	Africa/Libreville	Nyanga Province
2397466	GA	04	Ngouni	43342	Africa/Libreville	Ngouni Province|Nguni
2397842	GA	03	Moyen-Ogooué	76705	Africa/Libreville	Moyen-Ogooue|Moyen-Ogooué Province
2400454	GA	02	Haut-Ogooué	203994	Africa/Libreville	Haut-Ogooue|Haut-Ogooué Province
2400682	GA	01	Estuaire	1045372	Africa/Libreville	Estuaire Province
2403068	SL	04	Western Area	876848	Africa/Freetown	
2403745	SL	03	Southern Province	289807	Africa/Freetown	
2404798	SL	02	Northern Province	141016	Africa/Freetown	
2409543	SL	01	Eastern Province	399672	Africa/Freetown	
2410764	ST	02	São Tomé Island	53300	Africa/Sao_Tome	Ilha de São Tomé|Sao Tome Island
2410878	ST	01	Príncipe	0		Ilha do Príncipe|Principe
2411430	SH	01	Ascension	0		
2411683	GM	05	Western	496273	Africa/Banjul	
2411711	GM	04	Upper River	15017	Africa/Banjul	Upper River Division
2412353	GM	07	North Bank	61383	Africa/Banjul	North Bank Division
2412707	GM	03	Central River	0		Central River Division
2412716	GM	02	Lower River	15210	Africa/Banjul	Lower River Division
2413875	GM	01	Banjul	718098	Africa/Banjul	City of Banjul
2422464	GN	04	Conakry	3936918	Africa/Conakry	
2425287	TD	14	Tandjilé	175292	Africa/Ndjamena	Région du Tandjilé|Tandjile|Tandjilé Region
2427315	TD	17	Moyen-Chari	161734	Africa/Ndjamena	Moyen-Chari Region|Région du Moyen-Chari
2428132	TD	16	Mayo-Kebbi Est	148429	Africa/Ndjamena	Mayo Kebbi Est|Mayo-Kebbi Est Region
2429058	TD	09	Logone Oriental	142167	Africa/Ndjamena	Logone Oriental Region|Région du Logone Oriental
2429060	TD	08	Logone Occidental	213409	Africa/Ndjamena	Logone Occidental Region|Région du Logone Occidental
2429323	TD	07	Lac	51389	Africa/Ndjamena	Lac Region|Région du Lac
2430873	TD	06	Kanem	50681	Africa/Ndjamena	Kanem Region|Région du Kanem
2431555	TD	05	Guéra	111578	Africa/Ndjamena	Guera|Guéra Region|Région du Guéra
2434478	TD	15	Chari-Baguirmi	54709	Africa/Ndjamena	Chari-Baguirmi Region|Région du Chari-Baguirmi
2435899	TD	01	Batha	67808	Africa/Ndjamena	Batha Region|Région du Batha
2437797	NE	07	Zinder Region	482064	Africa/Niamey	Yankin Zinder|Zinder
2439374	NE	06	Tahoua Region	363524	Africa/Niamey	Tahoua|Yankin Tahoua
2441289	NE	04	Maradi Region	600470	Africa/Niamey	Maradi|Yankin Maradi
2445486	NE	03	Dosso Region	210505	Africa/Niamey	Dosso|Yankin Dosso
2445702	NE	02	Diffa	103895	Africa/Niamey	Diffa Region|Yankin Diffa
2448083	NE	01	Agadez	344558	Africa/Niamey	Agadez Region|Yankin Agadez
2449066	ML	08	Tombouctou	134956	Africa/Bamako	Tumutu
2451184	ML	06	Sikasso	857714	Africa/Bamako	Sikasso Region
2451477	ML	05	Ségou	625575	Africa/Bamako	Segou
2453347	ML	04	Mopti	344991	Africa/Bamako	Mopti Region
2454532	ML	07	Koulikoro	775619	Africa/Bamako	Kulikɔrɔ|Kulukɔrɔ
2455517	ML	03	Kayes	422246	Africa/Bamako	
2457161	ML	09	Gao	226105	Africa/Bamako	Gao Region
2460594	ML	01	Bamako	4227569	Africa/Bamako	Bamakɔ|District de Bamako
2464038	TN	37	Zaghouan Governorate	45898	Africa/Tunis	Zaghouan
2464464	TN	36	Tunis Governorate	1239098	Africa/Tunis	Tunis
2464645	TN	35	Tozeur Governorate	60115	Africa/Tunis	Tozeur
2464698	TN	34	Tataouine	66924	Africa/Tunis	Tataouine Governorate
2464912	TN	23	Sousse Governorate	527175	Africa/Tunis	Sousse
2465027	TN	22	Siliana Governorate	31251	Africa/Tunis	Siliana
2465837	TN	33	Sidi Bouzid Governorate	47595	Africa/Tunis	Sidi Bou Zid
2467450	TN	32	Sfax Governorate	681067	Africa/Tunis	Sfax
2468014	TN	31	Kebili Governorate	60531	Africa/Tunis	Kebili
2468351	TN	30	Gafsa	216399	Africa/Tunis	Gafsa Governorate|Gouvernorat de Gafsa
2468365	TN	29	Gabès Governorate	257338	Africa/Tunis	Gabes Governorate|Gabès
2468576	TN	19	Nabeul Governorate	598550	Africa/Tunis	Nabeul
2469470	TN	28	Medenine Governorate	447176	Africa/Tunis	Médenine
2470085	TN	06	Jendouba Governorate	90752	Africa/Tunis	Jendouba
2472477	TN	27	Ben Arous Governorate	510919	Africa/Tunis	Ben Arous
2472699	TN	18	Bizerte Governorate	360733	Africa/Tunis	Bizert|Bizerte
2472770	TN	17	Béja Governorate	106690	Africa/Tunis	Beja Governorate|Béja
2473245	TN	38	Ariana Governorate	530487	Africa/Tunis	Ariana
2473451	TN	03	Kairouan	139070	Africa/Tunis	
2473460	TN	02	Kasserine Governorate	201359	Africa/Tunis	Kasserine
2473495	TN	16	Monastir Governorate	508674	Africa/Tunis	Monastir
2473574	TN	15	Mahdia Governorate	177606	Africa/Tunis	Mahdia
2473637	TN	14	Kef Governorate	103678	Africa/Tunis	Kef
2475683	DZ	15	Tlemcen	587073	Africa/Algiers	Tlemcen Province
2475741	DZ	14	Tizi Ouzou	670829	Africa/Algiers	Tizi Ouzou Province
2475858	DZ	56	Tissemsilt	123712	Africa/Algiers	Tissemsilt Province
2476027	DZ	55	Tipaza	186009	Africa/Algiers	Tipaza Province
2476302	DZ	54	Tindouf	45610	Africa/Algiers	Tindouf Province
2476893	DZ	13	Tiaret	418320	Africa/Algiers	Tiaret Province
2477457	DZ	33	Tébessa	440189	Africa/Algiers	Tebessa|Tébessa Province
2478217	DZ	53	Tamanrasset	81752	Africa/Algiers	Tamanrasset Province
2479213	DZ	52	Souk Ahras	235130	Africa/Algiers	Souk Ahras Province
2479532	DZ	31	Skikda	338864	Africa/Algiers	Skikda Province
2481001	DZ	30	Sidi Bel Abbès	254608	Africa/Algiers	Sidi Bel Abbes|Sidi Bel Abbès Province
2481696	DZ	12	Sétif	585705	Africa/Algiers	Setif|Sétif Province
2482557	DZ	10	Saida	142497	Africa/Algiers	Saida Province
2483666	DZ	51	Relizane	282347	Africa/Algiers	Relizane Province
2484618	DZ	29	Oum el Bouaghi	358086	Africa/Algiers	Oum el Bouaghi Province
2485794	DZ	50	Ouargla	334934	Africa/Algiers	Ouargla Province
2485920	DZ	09	Oran	1262127	Africa/Algiers	Oran Province
2486512	DZ	49	Naama	112458	Africa/Algiers	Naama Province
2486682	DZ	27	M'Sila	398927	Africa/Algiers	M'Sila Province|Msila
2487130	DZ	07	Mostaganem	162885	Africa/Algiers	Mostaganem Province
2487449	DZ	48	Mila	305946	Africa/Algiers	Mila Province
2488831	DZ	06	Medea	286927	Africa/Algiers	Medea Province
2490095	DZ	26	Mascara	322745	Africa/Algiers	Mascara Province
2491188	DZ	25	Laghouat	227957	Africa/Algiers	Laghouat Province
2491887	DZ	47	Khenchela	147140	Africa/Algiers	Khenchela Province
2492910	DZ	24	Jijel	237884	Africa/Algiers	Jijel Province
2493455	DZ	46	Illizi	0		Illizi Province
2495659	DZ	23	Guelma	210606	Africa/Algiers	Guelma Province
2496045	DZ	45	Ghardaia	271243	Africa/Algiers	Ghardaia Province
2497322	DZ	44	El Tarf	201666	Africa/Algiers	El Tarf Province
2497406	DZ	43	El Oued	327428	Africa/Algiers	El Oued Province
2498541	DZ	42	El Bayadh	143944	Africa/Algiers	El Bayadh Province
2500013	DZ	22	Djelfa	707635	Africa/Algiers	Djelfa Province
2501147	DZ	04	Constantine	801944	Africa/Algiers	Constantine Province
2501296	DZ	41	Chlef	456678	Africa/Algiers	Chlef Province
2502638	DZ	40	Boumerdes	360003	Africa/Algiers	Boumerdes Province
2502951	DZ	21	Bouira	208520	Africa/Algiers	Bouira Province
2503699	DZ	39	Bordj Bou Arréridj	438127	Africa/Algiers	Bordj Bou Arreridj|Bordj Bou Arréridj Province
2503765	DZ	20	Blida	923684	Africa/Algiers	Blida Province
2503822	DZ	19	Biskra	307922	Africa/Algiers	Biskra Province
2505325	DZ	18	Béjaïa	408377	Africa/Algiers	Bejaia|Béjaia Province|Wilāyat Bijāya
2505525	DZ	38	Béchar	165241	Africa/Algiers	Bechar|Béchar Province
2505569	DZ	03	Batna	632924	Africa/Algiers	Batna Province
2506994	DZ	37	Annaba	462834	Africa/Algiers	
2507475	DZ	01	Algiers	3436917	Africa/Algiers	Algiers Province|Wilāyat al-Jazā'ir
2507899	DZ	36	Aïn Témouchent	182293	Africa/Algiers	Ain Temouchent|Aïn Témouchent Province
2508226	DZ	35	Aïn Defla	239671	Africa/Algiers	Ain Defla|Aïn Defla Province
2508807	DZ	34	Adrar	122973	Africa/Algiers	Adrar Province
2513413	ES	31	Murcia	1405031	Europe/Madrid	Comunidad Autónoma de la Región de Murcia|Murtziako Eskualdea|Múrcia|Region de Múrcia|Region of Murcia|Región de Murcia|Rexión de Murcia
2519582	ES	CE	Ceuta	83179	Europe/Madrid	Ciudad Autónoma de Ceuta|Ciudad de Ceuta|Zeuta
2521383	ES	07	Balearic Islands	884380	Europe/Madrid	Balear Uharteak|Baleares|Comunidad Autónoma de las Islas Baleares|Comunitat Autònoma de les Illes Balears|Illas Baleares|Illes Balears|Islas Baleares|ses Illes
2523119	IT	15	Sicily	3180667	Europe/Rome	Regione Siciliana|Sicile|Sicilia|Sicilija|Sicília|Sitzìlia|Sizilien
2523228	IT	14	Sardinia	683690	Europe/Rome	Sardaigne|Sardegna|Sardenya|Sardinien
2525468	IT	03	Calabria	692161	Europe/Rome	Calabre|Calàbria|Kalabrien|Kalabrija
2565340	NG	45	Abia State	1810273	Africa/Lagos	Abia|Abiya|Steeti Abia
2565341	NG	36	Delta	1498743	Africa/Lagos	Delta State|Ȯra Delta
2565342	NG	35	Adamawa	1046264	Africa/Lagos	Adamawa State|Adamawa Steeti|Jihar Adamawa
2565343	NG	37	Edo State	2034915	Africa/Lagos	Edo|Ȯra Edo
2565344	NG	47	Enugu State	1247702	Africa/Lagos	Diiwal Enugu|Jihar Enugu|Ȯra Enugu
2565345	NG	39	Jigawa State	430699	Africa/Lagos	Diiwal Jigawa|Jihar Jigawa|Ȯra Jigawa
2566978	GQ	04	Bioko Norte	155963	Africa/Malabo	Bioko Nord|Bioko Norte Province
2566979	GQ	05	Bioko Sur	0		Bioko Sud|Bioko Sul|Bioko Sur Province
2566980	GQ	06	Centro Sur	0		Centro Sul|Centro Sur Province
2566981	GQ	07	Kié-Ntem	24831	Africa/Malabo	Kie-Ntem|Kié-Ntem Province
2566982	GQ	08	Litoral	173046	Africa/Malabo	Litoral Province
2566983	GQ	09	Wele-Nzas	0		Wele-Nzas Province
2572183	CG	12	Brazzaville	1982000	Africa/Brazzaville	Brazzavile Department
2588490	LR	16	Grand Kru County	0		
2588491	LR	17	Margibi County	90455	Africa/Monrovia	
2588492	LR	18	River Cess County	0		
2593105	PT	10	Madeira	213794	Atlantic/Madeira	Autonomous Region of Madeira|Region Outónoma de la Madeira|Região Autónoma da Madeira|Região Autônoma da Madeira
2593109	ES	51	Andalusia	6287619	Europe/Madrid	Andalosia|Andalucía|Andaluzia|Comunidad Autónoma de Andalucía
2593110	ES	53	Canary Islands	2054431	Atlantic/Canary	Canarias|Comunidad Autónoma de Canarias|Comunidad Canaria|Illas Canarias|Illas Canàrias|Illes Canàries|Islas Canarias|Kanariak
2593111	ES	54	Castille-La Mancha	990913	Europe/Madrid	Castela-A Mancha|Castelha-La Mancha|Castella - la Manxa|Castella i la Manxa|Castile-La Mancha|Castilla-La Mancha|Comunidad Autónoma de Castilla-La Mancha|Gaztela-Mantxa
2593112	ES	57	Extremadura	492721	Europe/Madrid	Comunidad Autónoma de Extremadura|Estremadura
2593113	ES	60	Valencia	3967935	Europe/Madrid	Comunidad Valenciana|Comunidade Valenciana|Comunitat Valenciana|País Valencian|País Valencià|Region of Valencia|Reino de Valencia|Valencian Community|Valentziako Erkidegoa
2593118	CG	14	Cuvette-Ouest	0		Cuvette-Ouest Department|Kuvete ya Wesete
2593119	LR	21	Gbarpolu County	0		
2593120	LR	22	River Gee County	0		
2593778	LY	67	An Nuqat al Khams	298040	Africa/Tripoli	
2595293	NE	09	Tillabéri Region	261275	Africa/Niamey	Tillaberi Region|Tillabéri
2595294	NE	08	Niamey	1323691	Africa/Niamey	Région de Niamey
2595344	NG	52	Bayelsa State	365000	Africa/Lagos	Bayelsa|Bayelsa Steetị
2595345	NG	53	Ebonyi State	450317	Africa/Lagos	Diiwal Ebonyi|Jihar Ebonyi|Ȯra Ebonyi
2595346	NG	54	Ekiti State	1618720	Africa/Lagos	Diiwal Ekiti|Ekiti|Ȯra Ekiti
2595347	NG	55	Gombe State	796703	Africa/Lagos	Jihar Gombe|Leyddi Gommbe|Ȯra Gombe
2595348	NG	56	Nasarawa State	302315	Africa/Lagos	Nasarawa|Nassarawa|Ȯra Nasarawa
2595349	NG	57	Zamfara State	403106	Africa/Lagos	Diiwal Zamfara|Jihar Zamfara|Zamfara steeti
2596686	CF	18	Bangui	812407	Africa/Bangui	Bangui Prefecture
2597271	BJ	07	Alibori	184693	Africa/Porto-Novo	Alibori Department
2597272	BJ	11	Collines	195029	Africa/Porto-Novo	Collines Department
2597273	BJ	12	Kouffo	132559	Africa/Porto-Novo	Couffo|Kouffo Department
2597274	BJ	13	Donga	187206	Africa/Porto-Novo	Donga Department
2597275	BJ	14	Littoral	679012	Africa/Porto-Novo	Littoral Department
2597277	BJ	17	Plateau	186351	Africa/Porto-Novo	Plateau Department
2597363	NG	40	Kebbi	277149	Africa/Lagos	Jihar Kebbi|Kebbi State|Leydi Kebbi|Ȯra Kebbi
2597364	NG	41	Kogi State	790545	Africa/Lagos	Diiwal Kogi|Jihar Kogi|Ȯra Kogi
2597365	NG	42	Osun State	3564878	Africa/Lagos	Diiwal Osun|Osun|Ȯra Osun
2597366	NG	43	Taraba State	270795	Africa/Lagos	Leydi Taraba|Taraba state|Ȯra Taraba
2597367	NG	44	Yobe State	505034	Africa/Lagos	Diiwal Yobe|Jihar Yobe|Yobe steeti
2597439	TG	23	Kara	211856	Africa/Lome	Kara Nuto|Kara Region|Région de la Kara
2597449	ML	10	Kidal	40030	Africa/Bamako	Kidal Region|Kidali
2610816	FO	VG	Vágar	0		Vagar|Vága sýsla|Vágar region|Vågø Syssel
2612137	FO	SU	Suðuroy	0		Suderø syssel|Suduroy|Suðuroy region|Suðuroyar sýsla
2612225	FO	ST	Streymoy	13200	Atlantic/Faroe	Streymoy region|Streymoyar sýsla|Strømø Syssel
2614219	FO	SA	Sandoy	0		Sandoy region|Sandoyar sýsla|Sandø Syssel
2616145	FO	NO	Norðoyar	0		Norderøernes Syssel|Nordoyar|Norðoyar region|Norðoyar sýsla
2622387	FO	OS	Eysturoy	0		Eysturoy region|Eysturoyar sýsla|Østerø Syssel
2634895	GB	WLS	Wales	2073254	Europe/London	A' Chuimrigh|Cymru
2638360	GB	SCT	Scotland	3222761	Europe/London	Alba|Yr Alban
2641364	GB	NIR	Northern Ireland	1086280	Europe/London	Gogledd Iwerddon|N Ireland|Èirinn a Tuath
2657895	CH	ZH	Zurich	1304681	Europe/Zurich	Canton de Zurich|Canton of Zurich|Cantone di Zurigo|Chantun Turitg|Kanton Zürich|Region Zürich|Turitg|Zurigo|Zürich
2657907	CH	ZG	Zug	67807	Europe/Zurich	Canton de Zoug|Canton di Zugo|Canton of Zug|Chantun Zug|Kanton Zug|Zoug|Zugo
2658182	CH	VD	Vaud	284835	Europe/Zurich	Canton Vaud|Canton de Vaud|Canton of Vaud|Chantun Vad|Kanton Waadt|Vad|Waadt|Waadtland
2658205	CH	VS	Valais	87576	Europe/Zurich	Canton Valais|Canton Vallese|Canton du Valais|Chantun Vallais|Kanton Wallis|Vallais|Vallese|Wallis
2658226	CH	UR	Uri	0		Canton Uri|Canton d’Uri|Canton of Uri|Chantun Uri|Kanton Uri
2658370	CH	TI	Ticino	122229	Europe/Zurich	Canton Ticino|Canton du Tessin|Chantun Tessin|Kanton Tessin|Repubblica e Canton Ticino|Repubblica e Cantone Ticino|Republica ed Chantun Tessin|Republik und Kanton Tessin|République et Canton du Tessin|Tessin|Tessin Kanton
2658372	CH	TG	Thurgau	47604	Europe/Zurich	Canton Turgovia|Canton de Thurgovie|Chantun Turgovia|Kanton Thurgau|Thurgovie|Turgovia
2658563	CH	SO	Solothurn	51066	Europe/Zurich	Canton Soletta|Canton de Soleure|Canton of Solothurn|Chantun Soloturn|Kanton Solothurn|Soletta|Soleure|Soloturn
2658664	CH	SZ	Schwyz	31048	Europe/Zurich	Canton Svitto|Canton de Schwytz|Canton de Schwyz|Canton of Schwyz|Chantun Sviz|Kanton Schwyz|Schwytz|Svitto|Sviz
2658760	CH	SH	Schaffhausen	36587	Europe/Zurich	Canton Sciaffusa|Canton de Schaffhouse|Canton of Schaffhausen|Chantun Schaffusa|Kanton Schaffhausen|Schaffhouse|Schaffusa|Sciaffusa
2658821	CH	SG	Saint Gallen	169262	Europe/Zurich	Canton San Gallo|Canton de Saint-Gall|Canton of St. Gallen|Cantone di San Gallo|Chantun Son Gagl|Kanton St. Gallen|Saint Gall|Saint-Gall|San Gallo|Sankt Gallen|Son Gagl|St. Gall|St. Gallen
2659315	CH	OW	Obwalden	0		Canton Obvaldo|Canton d’Obwald|Canton of Obwalden|Chantun Sursilvania|Kanton Obwalden|Kanton Unterwalden Obwalden|Obvaldo|Obwald|Sursilvania|Unterwalden ob dem Wald
2659471	CH	NW	Nidwalden	0		Canton Nidvaldo|Canton de Nidwald|Canton of Nidwalden|Cantone di Nidwaldo|Chantun Sutsilvania|Kanton Nidwalden|Kanton Unterwalden Nidwalden|Nidvaldo|Nidwald|Nidwaldo|Sutsilvania|Unterwalden nid dem Wald
2659495	CH	NE	Neuchâtel	71417	Europe/Zurich	Canton Neuchâtel|Canton de Neuchâtel|Canton of Neuchâtel|Cantone Neuchâtel|Cantone di Neuchâtel|Chantun Neuchâtel|Kanton Neuenburg|Neuchatel|Neuenburg|Neuenburg Kanton|Repubblica e Cantone Neuchâtel|Republik und Kanton Neuenburg|République et Canton de Neuchâtel
2659810	CH	LU	Lucerne	153748	Europe/Zurich	Canton Lucerna|Canton de Lucerne|Canton of Lucerne|Chantun Lucerna|Kanton Luzern|Lucerna|Luzern
2660207	CH	JU	Jura	0		Canton Giura|Canton du Jura|Canton of Jura|Chantun Giura|Giura|Kanton Jura|Repubblica e Canton Giura|Republic and Canton of the Jura|Republica ed Chantun Giura|Republik und Kanton Jura|République et Canton du Jura
2660522	CH	GR	Grisons	35373	Europe/Zurich	Canton Grisons|Canton des Grisons|Cantone dei Grigioni|Chantun Grischun|Graubünden|Grigioni|Grischun|Kanton Graubünden
2660593	CH	GL	Glarus	0		Canton Glarona|Canton de Glaris|Canton of Glarus|Chantun Glaruna|Glaris|Glarona|Glaruna|Kanton Glarus
2660645	CH	GE	Geneva	315536	Europe/Zurich	Canton Ginevra|Canton de Genève|Canton of Geneva|Chantun Genevra|Genevra|Genf|Genève|Ginevra|Kanton|Kanton Genf|Repubblica e Cantone di Ginevra|Republic and Canton of Geneva|Republica ed Chantun Genevra|Republik und Kanton Genf|République et Canton de Genève
2660717	CH	FR	Fribourg	61803	Europe/Zurich	Canton Friburgo|Canton de Fribourg|Canton of Fribourg|Chantun Friburg|Etat de Fribourg|Freiburg|Friburg|Friburgo|Kanton Freiburg|Staat Freiburg|État de Fribourg
2661551	CH	BE	Bern	294387	Europe/Zurich	Berna|Berne|Canton Berna|Canton de Berne|Canton of Bern|Chantun Berna|Kanton Bern
2661602	CH	BS	Basel-City	197595	Europe/Zurich	Basel-Stadt|Basilea Città|Basilea-Citad|Bâle-Ville|Canton Basilea Città|Canton de Bâle-Ville|Canton of Basel-City|Canton of Basel-Stadt|Canton of Basle-Ville|Chantun Basilea-Citad|Kanton Basel-Stadt
2661603	CH	BL	Basel-Landschaft	54332	Europe/Zurich	Basel-Land|Basilea Campagna|Basilea-Champagna|Bâle Campagne|Canton Basilea Campagna|Canton de Bâle-Campagne|Chantun Basilea-Champagna|Kanton Basel-Land|Kanton Basel-Landschaft|Kanton Baselland
2661739	CH	AR	Appenzell Ausserrhoden	15744	Europe/Zurich	Appenzell Dadora|Appenzell Outer Rhodes|Appenzell Rhodes-Extérieures|Appenzello Esterno|Canton Appenzello Esterno|Canton d’Appenzell Rhoden-Extérieur|Canton d’Appenzell Rhodes-Extérieures|Canton of Appenzell Ausserrhoden|Chantun Appenzell Dadora|Kanton Appenzell Ausserrhoden
2661741	CH	AI	Appenzell Innerrhoden	0		Appenzell Dadens|Appenzell Inner Rhodes|Appenzell Rhodes-Intérieures|Appenzello Interno|Canton Appenzello Interno|Canton d’Appenzell Rhoden-Intérieur|Canton d’Appenzell Rhodes-Intérieures|Chantun Appenzell Dadens|Eidgenössischer Stand Appenzell Innerrhoden|Kanton Appenzell Innerrhoden
2661876	CH	AG	Aargau	59034	Europe/Zurich	Argovia|Argovie|Canton Argovia|Canton d’Argovie|Canton of Aargau|Chantun Argovia|Kanton Aargau
2664179	SE	25	Västmanland	146154	Europe/Stockholm	Vaestmanland|Västmanland County|Västmanlandin lääni|Västmanlands län|Västmanlándda leatna
2664292	SE	24	Västernorrland	115111	Europe/Stockholm	Oarje-Norrlándda leatna|Vaesternorrland|Västernorrland County|Västernorrlandin lääni|Västernorrlands län
2664415	SE	23	Västerbotten	165740	Europe/Stockholm	Vaesterbotten|Västerbotten County|Västerbottena leatna|Västerbottenin lääni|Västerbottens län
2664870	SE	22	Värmland	80049	Europe/Stockholm	Vaermland|Värmland County|Värmlands län|Värmlannin lääni|Värmlándda leatna
2666218	SE	21	Uppsala	217600	Europe/Stockholm	Uppsala County|Uppsala leatna|Uppsala län|Uppsalan lääni
2673722	SE	26	Stockholm	2899193	Europe/Stockholm	Stockholm County|Stockholms län|Tukholma
2676207	SE	18	Södermanland	129422	Europe/Stockholm	Soedermanland|Södermanland County|Södermanlandin lääni|Södermanlands län|Södermanlándda leatna
2685867	SE	16	Östergötland	291382	Europe/Stockholm	Itä-Götanmaan lääni|Nuortagötlándda leatna|OEstergoetland|Östergötland County|Östergötlands län
2686655	SE	15	Örebro	200142	Europe/Stockholm	OErebro|Örebro County|Örebro leatna|Örebro län|Örebron lääni
2699050	SE	12	Kronoberg	87067	Europe/Stockholm	Kronoberg County|Kronobergga leatna|Kronobergin lääni|Kronobergs län
2699767	SE	10	Dalarna	94491	Europe/Stockholm	Dalarna County|Dalarna leatna|Dalarnas län|Taalainmaan lääni
2702259	SE	09	Kalmar	77873	Europe/Stockholm	Kalmar County|Kalmar län|Kalmara leatna|Kalmarin lääni
2702976	SE	08	Jönköping	171046	Europe/Stockholm	Joenkoeping|Jönköping County|Jönköpinga leatna|Jönköpingin lääni|Jönköpings län
2703330	SE	07	Jämtland	49806	Europe/Stockholm	Jaemtland|Jämtland County|Jämtlandin lääni|Jämtlands län|Jämtlándda leatna
2708794	SE	06	Halland	147525	Europe/Stockholm	Halland County|Hallandin lääni|Hallands län|Hallándda leatna
2711508	SE	05	Gotland	23402	Europe/Stockholm	Gotland County|Gotlands län|Gotlannin lääni|Gotlándda leatna
2712411	SE	03	Gävleborg	115689	Europe/Stockholm	Gaevleborg|Gävleborg County|Gävleborgga leatna|Gävleborgin lääni|Gävleborgs län
2721357	SE	02	Blekinge	86787	Europe/Stockholm	Blekinge County|Blekinge leatna|Blekinge län|Blekingen lääni
2732264	PT	22	Viseu	103502	Europe/Lisbon	District of Viseu|Distrito de Viseu|Viseu District|Çtrito de Biseu
2732437	PT	21	Vila Real	34536	Europe/Lisbon	District of Vila Real|Distrito de Vila Real|Vila Real District|Çtrito de Bila Rial
2732772	PT	20	Viana do Castelo	123400	Europe/Lisbon	District of Viana do Castelo|Distrito de Viana do Castelo|Viana do Castelo District|Çtrito de Biana de l Castielho
2735941	PT	17	Porto	1281110	Europe/Lisbon	District of Porto|Distrito do Porto|Oporto|Porto District|Çtrito de l Porto
2738782	PT	11	Guarda	88034	Europe/Lisbon	District of Guarda|Distrito da Guarda|Guarda District|Çtrito de la Guarda
2740636	PT	07	Coimbra	310562	Europe/Lisbon	Coimbra District|District of Coimbra|Distrito de Coimbra|Çtrito de Coimbra
2742026	PT	05	Bragança	35341	Europe/Lisbon	Braganca|Braganza District|Bragança District|District of Bragança|Distrito de Bragança|Çtrito de Bergáncia
2742031	PT	04	Braga	354092	Europe/Lisbon	Braga District|District of Braga|Distrito de Braga|Çtrito de Braga
2742610	PT	02	Aveiro	230182	Europe/Lisbon	Aveiro District|District of Aveiro|Distrito de Aveiro
2743698	NL	11	South Holland	3271450	Europe/Amsterdam	Súd-Hollân|Zuid-Holland
2744011	NL	10	Zeeland	178904	Europe/Amsterdam	Seelân
2745909	NL	09	Utrecht	1125539	Europe/Amsterdam	Utert
2748838	NL	15	Overijssel	939775	Europe/Amsterdam	Oerisel
2749879	NL	07	North Holland	3358213	Europe/Amsterdam	Noard-Hollân|Noord-Holland
2749990	NL	06	North Brabant	1762680	Europe/Amsterdam	Noard-Brabân|Noord-Brabant
2751596	NL	05	Limburg	688007	Europe/Amsterdam	Limburch
2755249	NL	04	Groningen	397958	Europe/Amsterdam	Grinslân|Province of Groningen
2755634	NL	03	Gelderland	1358319	Europe/Amsterdam	Gelderlân|Guelders
2755812	NL	02	Friesland	261691	Europe/Amsterdam	Fryslân|Provincie Friesland|Provincie Fryslân|Provinsje Fryslân
2756631	NL	01	Drenthe	195297	Europe/Amsterdam	Drinte
2761367	AT	09	Vienna	3417161	Europe/Vienna	Beč|Bundesland Wien|Dunaj|State of Vienna|Wien
2762300	AT	08	Vorarlberg	166744	Europe/Vienna	Predarlska
2763586	AT	07	Tyrol	233495	Europe/Vienna	Tirol|Tirolska
2764581	AT	06	Styria	523985	Europe/Vienna	Steiermark|Stájerország|Štajerska
2766823	AT	05	Salzburg	174035	Europe/Vienna	Land Salzburg|SalzburgerLand|State of Salzburg
2769848	AT	04	Upper Austria	303630	Europe/Vienna	Felső-Ausztria|Gornja Austrija|Oberösterreich|Zgornja Avstrija
2770542	AT	03	Lower Austria	176084	Europe/Vienna	Alsó-Ausztria|Donja Austrija|Nideristaraich|Niederösterreich|Spodnja Avstrija
2774686	AT	02	Carinthia	224553	Europe/Vienna	Kaernten|Karintia|Koroška|Koruška|Kärnten
2781194	AT	01	Burgenland	54353	Europe/Vienna	Gradišće|Gradiščanska
2800867	BE	BRU	Brussels Capital	2043045	Europe/Brussels	Brussel|Brussels|Brussels Hoofdstedelijk Gewest|Bruxelles-Capitale|Region Brüssel-Hauptstadt|Région Bruxelloise|Région de Bruxelles-Capitale
2822542	DE	15	Thuringia	1129422	Europe/Berlin	Free State of Thuringia|Freistaat Thüringen|Thüringen
2838632	DE	10	Schleswig-Holstein	1338610	Europe/Berlin	
2842565	DE	14	Saxony-Anhalt	1500793	Europe/Berlin	Sachsen-Anhalt|State of Saxony-Anhalt
2842566	DE	13	Saxony	2665427	Europe/Berlin	Free State of Saxony|Sachsen
2842635	DE	09	Saarland	761701	Europe/Berlin	
2847618	DE	08	Rheinland-Pfalz	1619259	Europe/Berlin	Rheinland Pfalz|Rhineland-Palatinate
2861876	DE	07	North Rhine-Westphalia	18094088	Europe/Berlin	Nordrhein-Westfalen|Northrhine-Westphalia
2862926	DE	06	Lower Saxony	4854214	Europe/Berlin	Land Niedersachsen|Niedersachsen|State of Lower Saxony
2872567	DE	12	Mecklenburg-Vorpommern	648992	Europe/Berlin	State of Mecklenburg-Western Pomerania
2905330	DE	05	Hesse	3898428	Europe/Berlin	Hessen
2911297	DE	04	Hamburg	5256697	Europe/Berlin	Free and Hanseatic City of Hamburg|Freie und Hansestadt Hamburg
2944387	DE	03	Bremen	732868	Europe/Berlin	Free Hanseatic City of Bremen|Freie Hansestadt Bremen|Land Bremen
2945356	DE	11	Brandenburg	1230220	Europe/Berlin	
2950157	DE	16	State of Berlin	6999003	Europe/Berlin	Berlin|Land Berlin
2951839	DE	02	Bavaria	5909234	Europe/Berlin	Bayern|Free State of Bavaria
2953481	DE	01	Baden-Wurttemberg	6101726	Europe/Berlin	Baden-Wurttemberg Region|Baden-Württemberg
2959975	LU	WI	Wiltz	0		Kanton Wiltz|Kanton Wolz|Wolz
2960020	LU	VD	Vianden	0		Kanton Veianen|Kanton Vianden|Veianen
2960152	LU	RM	Remich	0		Kanton Remich|Kanton Réimech|Réimech
2960161	LU	RD	Redange	0		Kanton Redange|Kanton Redingen|Redingen
2960275	LU	ME	Mersch	0		Kanton Mersch|Kanton Miersch|Miersch
2960315	LU	LU	Luxembourg	76684	Europe/Luxembourg	Kanton Luxemburg|Kanton Lëtzebuerg|Luxembourg Campagne|Luxemburg|Lëtzebuerg
2960514	LU	GR	Grevenmacher	0		Gréiwemaacher|Kanton Grevenmacher|Kanton Gréiwemaacher
2960599	LU	ES	Esch-sur-Alzette	54638	Europe/Luxembourg	
2960629	LU	EC	Echternach	0		Canton d'Echternach|Iechternach|Kanton Echternach|Kanton Iechternach
2960656	LU	DI	Diekirch	0		Dikrech|Kanton Diekirch|Kanton Dikrech
2960683	LU	CL	Clervaux	0		Clerf|Kanton Clerf|Kanton Klierf|Klierf
2960696	LU	CA	Capellen	0		Kanton Capellen|Kanton Kapellen|Kapellen
2985244	FR	93	Provence-Alpes-Côte d'Azur	4254173	Europe/Paris	Provence-Alpes-Cote d'Azur|Provence-Alpes-Côte d'Azur Region|Provence-Arpes-Couta d’Azur|Proventza-Alpeak-Kosta Urdina|Provença - Alps - Costa Blava|Provença-Aups-Còsta d'Azur|Pruvenza|Région PACA|Région Provence-Alpes-Côte d'Azur
2988289	FR	52	Pays de la Loire	1273125	Europe/Paris	Broioù al Liger|Loirerria|Paesi di a Loira|Payis de la Lêre|Pays de la Loire Region|País del Loira|Païses de Léger|Région Pays de la Loire
3012874	FR	11	Île-de-France	13048987	Europe/Paris	Enez-Frañs|Ila-de-France|Ile-de-France|Illa de França|Région parisienne|Région Île-de-France|Île-de-France Region
3023519	FR	94	Corsica	95365	Europe/Paris	Collectivité Territoriale de Corse|Corse|Corsica Region|Còrsega|Région Corse|Territorial Collectivity of Corsica
3027939	FR	24	Centre-Val de Loire	827495	Europe/Paris	Centre|Centre region|Centre-Vall del Loira|Centru-Valle di a Loira|Erdialdea-Loira Harana|Région Centre-Val de Loire|Çantre
3030293	FR	53	Brittany	864151	Europe/Paris	Breizh|Bretagna|Bretagne|Bretainia|Bretanha|Bretanya|Brittany Region|Istor Breizh|Région Bretagne
3039162	AD	06	Sant Julià de Loria	0		Parròquia de Sant Julià de Lòria|Sant Julia de Loria|Sant Julià de Lòria
3039676	AD	05	Ordino	0		Parròquia d'Ordino
3040131	AD	04	La Massana	0		Parròquia de la Massana
3040684	AD	03	Encamp	0		Parròquia d'Encamp
3041203	AD	02	Canillo	0		Parròquia de Canillo
3041566	AD	07	Andorra la Vella	20430	Europe/Andorra	Parròquia d'Andorra la Vella
3041964	SJ	22	Jan Mayen	0		
3042031	LI	11	Vaduz	5197	Europe/Vaduz	
3042034	LI	10	Triesenberg	0		
3042036	LI	09	Triesen	0		
3042038	LI	08	Schellenberg	0		
3042042	LI	07	Schaan	0		
3042047	LI	06	Ruggell	0		
3042050	LI	05	Planken	0		
3042056	LI	04	Mauren	0		
3042063	LI	03	Gamprin	0		
3042069	LI	02	Eschen	0		
3042074	LI	01	Balzers	0		
3042613	HU	24	Zala County	128899	Europe/Budapest	Zala megye
3042925	HU	23	Veszprém	160221	Europe/Budapest	Veszprem
3043047	HU	22	Vas County	93368	Europe/Budapest	Vas megye
3043845	HU	21	Tolna County	75560	Europe/Budapest	Tolna vármegye
3045226	HU	17	Somogy County	87308	Europe/Budapest	Somogy vármegye
3046431	HU	16	Pest County	583429	Europe/Budapest	Pest vármegye
3047348	HU	14	Nógrád	34627	Europe/Budapest	Nograd
3049518	HU	12	Komárom-Esztergom	156927	Europe/Budapest	Komarom-Esztergom|Komárom-Esztergom megye
3051977	HU	09	Győr-Moson-Sopron	221906	Europe/Budapest	Gyor-Moson-Sopron|Győr-Moson-Sopron megye
3053028	HU	08	Fejér	151684	Europe/Budapest	Fejer|Fejér megye
3054638	HU	05	Budapest	5736899	Europe/Budapest	
3055399	HU	02	Baranya	190982	Europe/Budapest	Baranya megye
3055744	HU	01	Bács-Kiskun	241968	Europe/Budapest	Bacs-Kiskun|Bács-Kiskun county|Bács-Kiskun vármegye
3056506	SK	08	Žilina Region	229506	Europe/Bratislava	Zilina Region|Zsolnai körzet|Žilinský
3067695	CZ	52	Prague	2043990	Europe/Prague	Hlavní město Praha|Praha
3114710	ES	34	Asturias	711531	Europe/Madrid	Asturiasko Printzerria|Astúrias|Astúries|Comunidad Autónoma del Principado de Asturias|Principado de Asturias|Principality of Asturias
3115609	ES	32	Navarre	369018	Europe/Madrid	Alta Navarra|Autonomous Region of Navarre|Comunidad Foral de Navarra|Nabarra|Nafarroa|Nafarroako Foru Komunitatea|Naparroa|Navarra|el Viejo Reino
3117732	ES	29	Madrid	12573658	Europe/Madrid	Autonomous Region of Madrid|Community of Madrid|Comunautat autonòma de Madrid|Comunidad Autónoma de Madrid|Comunidad de Madrid|Comunidade de Madrid|Comunitat de Madrid|Madrilgo Erkidegoa|Región de Madrid
3132015	NO	20	Vestfold	170023	Europe/Oslo	Vestfold fylke|Vestfolda fylka|Vestfoldin lääni
3133897	NO	18	Troms	81159	Europe/Oslo	Romsa|Troms fylke|Tromssan lääni
3134723	NO	17	Telemark	84972	Europe/Oslo	Telemark fylke|Telemarkin lääni|Telemárkku fylka
3141558	NO	14	Rogaland	326698	Europe/Oslo	Rogaland fylke|Rogalandin lääni|Rogalándda fylka
3143188	NO	13	Østfold	214437	Europe/Oslo	Ostfold|Østfold county|Østfold fylke|Østfolda fylka|Østfoldin lääni
3143242	NO	12	Oslo	1082575	Europe/Oslo	Oslo Fylke
3144301	NO	09	Nordland	52939	Europe/Oslo	Nordland fylke|Nordlandin lääni|Nordlánda
3145495	NO	08	Møre og Romsdal	99049	Europe/Oslo	More og Romsdal
3159665	NO	04	Buskerud	123680	Europe/Oslo	
3163480	NO	01	Akershus	151590	Europe/Oslo	Akershus fylke|Akershusa fylka|Akershusin lääni
3164604	IT	20	Veneto	1679102	Europe/Rome	Benečija|Venetien|Venetu|Vèneto|Vénétie
3164857	IT	19	Aosta Valley	35261	Europe/Rome	Aostatal|Regione Autonoma Val d'Aosta|Regione Autonoma Valle d'Aosta|Région Autonome Vallée d'Aoste|Vall d'Aosta|Valle d’Aosta|Vallée d'Aoste
3165048	IT	18	Umbria	363183	Europe/Rome	Ombrie|Umbrien|Umbrija|Úmbria
3165244	IT	17	Trentino-Alto Adige	351609	Europe/Rome	Južna Tirolska|Regione Autonoma Trentino-Alto Adige|Sudtirol|Tirol del Sud|Trentin|Trentin-Haut-Adige|Trentin-Tyrol-du-Sud|Trentino-Südtirol
3165361	IT	16	Tuscany	2141826	Europe/Rome	Toscana|Toscane|Toskana
3166650	SM	09	Serravalle	0		
3169778	IT	13	Apulia	2628439	Europe/Rome	Apulien|Apulija|Pouilles|Puglia|Pulla|Pùglia
3170831	IT	12	Piedmont	3840458	Europe/Rome	Piemont|Piemonte|Piémont|Regione Piemonte
3173222	IT	11	Molise	97219	Europe/Rome	Molize|Regione Molise
3174004	IT	10	The Marches	594979	Europe/Rome	Marche|Marches|Marke|Marken|Marques|les Marques
3174618	IT	09	Lombardy	4766320	Europe/Rome	Llombardia|Lombardei|Lombardia|Lombardie
3174725	IT	08	Liguria	956287	Europe/Rome	Ligurie|Ligurien|Ligurija|Ligúria
3174976	IT	07	Lazio	4114515	Europe/Rome	Laci|Lacij|Latium|Lazi|Laziu|Regione Lazio
3176525	IT	06	Friuli Venezia Giulia	448108	Europe/Rome	Friaul-Julisch Venetien|Frioul-Vénétie julienne|Friül - Venècia Júlia|Furlanija - Julijska krajina
3177401	IT	05	Emilia-Romagna	2293040	Europe/Rome	Emília-Romanya|Regione Emilia-Romagna|Émilie-Romagne
3178807	SM	02	Chiesanuova	0		
3181042	IT	04	Campania	4511824	Europe/Rome	Campanie|Campània|Kampanien|Kampanija
3182306	IT	02	Basilicate	116836	Europe/Rome	Basilicata|Basilikata|Bazilikata
3183560	IT	01	Abruzzo	538142	Europe/Rome	Abbruzzu|Abruci|Abrutzu|Abruzzen|Abruzzes|Abruzzi|Abruços|Regione Abruzzo|els Abruços
3186843	SI	N5	Municipality of Žalec	0		Municipality of Zalec|Občina Žalec
3186905	SI	E7	Municipality of Zagorje ob Savi	0		Občina Zagorje ob Savi|Zagorje ob Savi Municipality
3186995	ME	21	Opština Žabljak	0		Opstina Zabljak
3187213	SI	E5	Municipality of Vrhnika	0		Občina Vrhnika
3188514	ME	20	Ulcinj	0		Komuna e Ulqinit|Ulqin
3188687	SI	D5	Municipality of Tržič	0		Municipality of Trzic|Občina Tržič
3188885	SI	D4	Trebnje	0		Municipality of Trebnje|Občina Trebnje
3188914	SI	D3	Municipality of Trbovlje	15163	Europe/Ljubljana	Občina Trbovlje
3189037	SI	D2	Municipality of Tolmin	0		Občina Tolmin
3189071	ME	19	Tivat	0		
3189074	SI	D7	Urban Municipality of Velenje	24327	Europe/Ljubljana	Mestna občina Velenje
3189077	ME	16	Podgorica	236852	Europe/Podgorica	Glavni Grad Podgorica
3190509	SI	C5	Municipality of Šmarje pri Jelšah	0		Municipality of Smarje pri Jelsah|Občina Šmarje pri Jelšah
3190529	SI	C4	Municipality of Slovenske Konjice	0		Občina Slovenske Konjice
3190533	SI	L8	Municipality of Slovenska Bistrica	0		Občina Slovenska Bistrica
3190535	SI	C2	Urban Municipality of Slovenj Gradec	0		Mestna Občina Slovenj Gradec
3190716	SI	B9	Škofja Loka	0		Municipality of Škofja Loka|Občina Škofja Loka|Skofja Loka
3190944	SI	B7	Municipality of Sežana	0		Municipality of Sezana|Občina Sežana
3190949	SI	B6	Municipality of Sevnica	0		Občina Sevnica
3191028	SI	L7	Sentjur	0		Municipality of Šentjur|Občina Šentjur
3191221	ME	18	Opština Šavnik	0		Opstina Savnik
3191679	SI	L1	Municipality of Ribnica	0		Občina Ribnica
3192062	SI	A3	Radovljica	0		Municipality of Radovljica|Občina Radovljica
3192120	SI	A2	Municipality of Radlje ob Dravi	0		Občina Radlje ob Dravi
3192240	SI	K7	Urban Municipality of Ptuj	17984	Europe/Ljubljana	Mestna občina Ptuj
3192672	SI	94	Municipality of Postojna	0		Občina Postojna
3193129	ME	15	Opština Plužine	0		Opstina Pluzine
3193160	ME	14	Pljevlja	19489	Europe/Podgorica	
3193227	ME	13	Opština Plav	0		Opstina Plav
3193340	SI	J9	Municipality of Piran	0		Občina Piran
3193964	SI	87	Municipality of Ormož	0		Municipality of Ormoz|Občina Ormož
3194350	SI	J7	Urban Municipality of Novo Mesto	24446	Europe/Ljubljana	Mestna občina Novo mesto
3194451	SI	84	Urban Municipality of Nova Gorica	0		Mestna občina Nova Gorica
3194493	ME	12	Opština Nikšić	58212	Europe/Podgorica	Opstina Niksic
3194647	SI	80	Urban Municipality of Murska Sobota	0		Mestna občina Murska Sobota
3194791	SI	79	Municipality of Mozirje	0		Občina Mozirje
3194925	ME	11	Mojkovac	0		Mojkovaci
3195213	SI	73	Municipality of Metlika	0		Občina Metlika
3195505	SI	J2	Urban Municipality of Maribor	96209	Europe/Ljubljana	Mestna občina Maribor
3196288	SI	64	Logatec	0		Municipality of Logatec|Občina Logatec
3196306	SI	I6	Ljutomer	0		Municipality of Ljutomer|Občina Ljutomer
3196424	SI	I5	Municipality of Litija	0		Občina Litija
3196684	SI	I3	Municipality of Lenart	0		Občina Lenart
3196759	SI	57	Municipality of Laško	0		Laško|Municipality of Lasko|Občina Laško
3197146	SI	54	Urban Municipality of Krško	0		Mestna občina Krško|Urban Municipality of Krsko
3197377	SI	52	Urban Municipality of Kranj	37966	Europe/Ljubljana	Mestna občina Kranj
3197537	ME	10	Kotor	0		Kotorri
3197752	SI	50	Urban Municipality of Koper	25753	Europe/Ljubljana	Mestna občina Koper
3197895	ME	09	Opština Kolašin	0		Opstina Kolasin
3197942	SI	H7	Municipality of Kočevje	0		Municipality of Kocevje|Občina Kočevje
3198364	SI	H6	Municipality of Kamnik	0		Občina Kamnik
3198646	SI	H4	Municipality of Jesenice	0		Občina Jesenice
3199016	SI	40	Municipality of Izola	0		Občina Izola
3199070	ME	03	Berane	0		
3199130	SI	38	Municipality of Ilirska Bistrica	0		Občina Ilirska Bistrica
3199169	SI	36	Municipality of Idrija	0		Občina Idrija
3199296	SI	34	Municipality of Hrastnik	0		Občina Hrastnik
3199393	ME	08	Herceg Novi	19536	Europe/Podgorica	
3199522	SI	32	Municipality of Grosuplje	0		Občina Grosuplje
3200196	SI	29	Municipality of Gornja Radgona	0		Občina Gornja Radgona
3201252	SI	25	Municipality of Dravograd	0		Občina Dravograd
3201729	SI	G7	Municipality of Domžale	0		Municipality of Domzale|Občina Domžale
3202193	ME	07	Danilovgrad	0		
3202332	SI	17	Municipality of Črnomelj	0		Municipality of Crnomelj|Občina Črnomelj|Črnomelj Municipality
3202640	ME	06	Cetinje	15137	Europe/Podgorica	Prijestonica Cetinje
3202707	SI	13	Municipality of Cerknica	0		Občina Cerknica
3202780	SI	11	Urban Municipality of Celje	38059	Europe/Ljubljana	Mestna občina Celje
3203104	ME	05	Budva	18000	Europe/Podgorica	
3203411	SI	08	Municipality of Brežice	0		Municipality of Brezice|Občina Brežice
3204173	ME	04	Bijelo Polje	15400	Europe/Podgorica	Akova
3204508	ME	02	Bar	15868	Europe/Podgorica	
3204853	SI	01	Municipality of Ajdovščina	0		Municipality of Ajdovscina|Občina Ajdovščina
3229999	BA	01	Federation of B&H	1511272	Europe/Sarajevo	Bosniak-Croat Federation|Federacija BiH|Federacija Bosne i Hercegovine|Federation of Bosnia and Herzegovina
3230000	BA	02	Srpska	355558	Europe/Sarajevo	Republic of Srpska|Republika Srpska
3237072	JE	3237072	St Clement	0		Saint-Clément
3237073	JE	3237073	St Saviour	0		Saint-Sauveur
3237200	JE	3237200	St. Brelade	0		Saint Brelade|Sainte-Brelade
3237203	JE	3237203	Grouville	0		
3237212	JE	3237212	St Mary	0		Saint Mary|Sainte-Marie|St. Mary
3237214	JE	3237214	St Lawrence	0		Saint Lawrence|Saint-Laurent|St. Lawrence
3237221	JE	3237221	St Peter	0		Saint Peter|Saint-Pierre|St. Peter
3237229	JE	3237229	St Ouen	0		Saint Ouen|Saint-Ouen|St. Ouen
3237497	JE	3237497	St John	0		Saint John|Saint-Jean|St. John
3237530	JE	3237530	Trinity	0		La Trinité
3237716	JE	3237716	St Martîn	0		Saint Martin|Saint-Martin|St Martin|St. Martin
3237864	JE	3237864	St Helier	28000	Europe/Jersey	Saint Helier|Saint-Hélier|St. Helier
3239050	SI	35	Municipality of Hrpelje–Kozina	0		Municipality of Hrpelje-Kozina|Občina Hrpelje - Kozina
3239051	SI	19	Municipality of Divača	0		Municipality of Divaca|Občina Divača
3239054	SI	91	Pivka	0		Municipality of Pivka|Občina Pivka
3239056	SI	I7	Municipality of Loška Dolina	0		Municipality of Loska Dolina|Občina Loška dolina
3239059	SI	66	Municipality of Loški Potok	0		Municipality of Loski Potok|Občina Loški Potok
3239061	SI	88	Municipality of Osilnica	0		Občina Osilnica
3239062	SI	D8	Municipality of Velike Lašče	0		Municipality of Velike Lasce|Občina Velike Lašče
3239066	SI	C1	Municipality of Škofljica	0		Municipality of Skofljica|Občina Škofljica
3239069	SI	37	Municipality of Ig	0		Občina Ig
3239071	SI	09	Municipality of Brezovica	0		Občina Brezovica
3239073	SI	05	Municipality of Borovnica	0		Občina Borovnica
3239075	SI	E1	Municipality of Vipava	0		Občina Vipava
3239078	SI	49	Municipality of Komen	0		Občina Komen
3239080	SI	J5	Municipality of Miren–Kostanjevica	0		Municipality of Miren-Kostanjevica|Občina Miren - Kostanjevica
3239083	SI	07	Municipality of Brda	0		Občina Brda
3239086	SI	44	Municipality of Kanal ob Soči	0		Municipality of Kanal ob Soci|Občina Kanal ob Soči
3239087	SI	F2	Municipality of Žiri	0		Municipality of Ziri|Občina Žiri
3239091	SI	14	Municipality of Cerkno	0		Občina Cerkno
3239093	SI	F1	Municipality of Železniki	0		Municipality of Zelezniki|Občina Železniki|Železniki
3239095	SI	27	Municipality of Gorenja Vas–Poljane	0		Municipality of Gorenja Vas-Poljane|Občina Gorenja vas - Poljane
3239096	SI	G4	Municipality of Dobrova–Polhov Gradec	0		Municipality of Dobrova-Polhov Gradec|Občina Dobrova - Polhov Gradec
3239098	SI	46	Municipality of Kobarid	0		Občina Kobarid
3239100	SI	06	Municipality of Bovec	0		Občina Bovec
3239101	SI	04	Municipality of Bohinj	0		Občina Bohinj
3239103	SI	03	Municipality of Bled	0		Občina Bled
3239104	SI	82	Municipality of Naklo	0		Občina Naklo
3239105	SI	53	Municipality of Kranjska Gora	0		Občina Kranjska Gora
3239107	SI	K5	Municipality of Preddvor	0		Občina Preddvor
3239110	SI	12	Municipality of Cerklje na Gorenjskem	0		Občina Cerklje na Gorenjskem
3239111	SI	B2	Municipality of Šenčur	0		Municipality of Sencur|Občina Šenčur
3239112	SI	E3	Municipality of Vodice	0		Občina Vodice
3239113	SI	71	Municipality of Medvode	0		Občina Medvode
3239114	SI	72	Municipality of Mengeš	0		Municipality of Menges|Občina Mengeš
3239115	SI	22	Dol pri Ljubljani	0		Municipality of Dol pri Ljubljani|Občina Dol pri Ljubljani
3239132	SI	77	Municipality of Moravče	0		Municipality of Moravce|Občina Moravče
3239133	SI	30	Municipality of Gornji Grad	0		Občina Gornji Grad
3239134	SI	I9	Municipality of Luče	0		Municipality of Luce|Občina Luče
3239175	SI	K8	Municipality of Ravne na Koroškem	0		Municipality of Ravne na Koroskem|Občina Ravne na Koroškem
3239177	SI	74	Municipality of Mežica	0		Municipality of Mezica|Občina Mežica
3239179	SI	81	Municipality of Muta	0		Občina Muta
3239180	SI	E6	Municipality of Vuzenica	0		Občina Vuzenica
3239181	SI	16	Municipality of Črna na Koroškem	0		Municipality of Crna na Koroskem|Občina Črna na Koroškem
3239184	SI	62	Municipality of Ljubno	0		Občina Ljubno
3239185	SI	C7	Municipality of Šoštanj	0		Municipality of Sostanj|Občina Šoštanj
3239187	SI	C6	Municipality of Šmartno ob Paki	0		Municipality of Smartno ob Paki|Občina Šmartno ob Paki
3239188	SI	68	Lukovica	0		Municipality of Lukovica|Občina Lukovica
3239189	SI	99	Municipality of Radeče	0		Municipality of Radece|Občina Radeče
3239191	SI	39	Municipality of Ivančna Gorica	0		Municipality of Ivancna Gorica|Občina Ivančna Gorica
3239193	SI	20	Municipality of Dobrepolje	0		Občina Dobrepolje
3239195	SI	B1	Municipality of Semič	0		Municipality of Semic|Občina Semič
3239197	SI	B4	Municipality of Šentjernej	0		Municipality of Sentjernej|Občina Šentjernej
3239199	SI	B8	Municipality of Škocjan	0		Municipality of Skocjan|Občina Škocjan
3239200	SI	C9	Municipality of Štore	0		Municipality of Store|Občina Štore
3239202	SI	N3	Municipality of Vojnik	0		Občina Vojnik
3239204	SI	E2	Municipality of Vitanje	0		Občina Vitanje
3239205	SI	F3	Municipality of Zreče	0		Municipality of Zrece|Občina Zreče
3239207	SI	76	Municipality of Mislinja	0		Občina Mislinja
3239211	SI	L3	Municipality of Ruše	0		Municipality of Ruse|Občina Ruše
3239213	SI	55	Municipality of Kungota	0		Občina Kungota
3239214	SI	B3	Municipality of Šentilj	0		Municipality of Sentilj|Občina Šentilj
3239215	SI	89	Pesnica	0		Municipality of Pesnica|Občina Pesnica
3239216	SI	26	Municipality of Duplek	0		Občina Duplek
3239224	SI	98	Municipality of Rače–Fram	0		Municipality of Race-Fram|Občina Rače-Fram
3239226	SI	C8	Municipality of Starše	0		Municipality of Starse|Občina Starše
3239227	SI	45	Municipality of Kidričevo	0		Municipality of Kidricevo|Občina Kidričevo
3239229	SI	J1	Municipality of Majšperk	0		Municipality of Majsperk|Občina Majšperk
3239231	SI	N2	Municipality of Videm	0		Občina Videm
3239234	SI	A7	Municipality of Rogaška Slatina	0		Municipality of Rogaska Slatina|Občina Rogaška Slatina
3239237	SI	A8	Municipality of Rogatec	0		Občina Rogatec
3239241	SI	92	Municipality of Podčetrtek	0		Municipality of Podcetrtek|Občina Podčetrtek
3239243	SI	51	Municipality of Kozje	0		Občina Kozje
3239245	SI	28	Municipality of Gorišnica	0		Municipality of Gorisnica|Občina Gorišnica
3239247	SI	E9	Municipality of Zavrč	0		Municipality of Zavrc|Občina Zavrč
3239248	SI	24	Municipality of Dornava	0		Občina Dornava
3239251	SI	42	Municipality of Juršinci	0		Municipality of Jursinci|Občina Juršinci
3239259	SI	D1	Municipality of Sveti Jurij ob Ščavnici	0		Municipality of Sveti Jurij ob Scavnici|Občina Sveti Jurij ob Ščavnici
3239262	SI	A1	Municipality of Radenci	0		Občina Radenci
3239268	SI	97	Municipality of Puconci	0		Občina Puconci
3239270	SI	A6	Municipality of Rogašovci	0		Municipality of Rogasovci|Občina Rogaševci
3239272	SI	I2	Municipality of Kuzma	0		Občina Kuzma
3239275	SI	31	Municipality of Gornji Petrovci	0		Občina Gornji Petrovci
3239279	SI	78	Municipality of Moravske Toplice	0		Občina Moravske Toplice
3239280	SI	47	Municipality of Kobilje	0		Občina Kobilje
3239282	SI	02	Municipality of Beltinci	0		Občina Beltinci
3239283	SI	D6	Municipality of Turnišče	0		Municipality of Turnisce|Občina Turnišče
3239285	SI	86	Municipality of Odranci	0		Občina Odranci
3239286	SI	15	Municipality of Črenšovci	0		Municipality of Crensovci|Občina Črenšovci
3239294	SI	83	Municipality of Nazarje	0		Občina Nazarje
3239318	SI	61	Ljubljana	272220	Europe/Ljubljana	Mestna občina Ljubljana|Urban Municipality of Ljubljana
3294903	BA	BRC	Brčko	38968	Europe/Sarajevo	Brcko|Brčko District|Brčko District of Bosnia and Herzegovina|Brčko Distrikt Bosne i Hercegovine|Brčko distrikt|Brčko distrikt Bosne i Hercegovine|Distrikt Brčko
3319178	MC	00	Municipality of Monaco	48977	Europe/Monaco	Monaco
3319179	NL	16	Flevoland	371920	Europe/Amsterdam	Flevolân
3336897	ES	27	La Rioja	175951	Europe/Madrid	A Rioxa|Comunidad Autónoma de La Rioja|Errioxa|Errioxako Autonomia Erkidegoa|Logroño|Provincia de La Rioja|Rioja
3336898	ES	39	Cantabria	309280	Europe/Madrid	Cantàbria|Comunidad Autónoma de Cantabria|Kantabria|La Montaña|Provincia de Santander|Santander
3336899	ES	52	Aragon	1069098	Europe/Madrid	Aragó|Aragón|Comunidad Autónoma de Aragón
3336900	ES	55	Castille and León	1361989	Europe/Madrid	Castela e León|Castelha e Leon|Castella i Lleó|Castile and León|Castilla y León|Castille and Leon|Comunidad Autónoma de Castilla y León|Gaztela eta Leon
3336901	ES	56	Catalonia	8865491	Europe/Madrid	Catalonha|Catalunya|Cataluña|Comunidad Autónoma de Cataluña|Principat de Catalunya|el Principat
3336902	ES	58	Galicia	1599760	Europe/Madrid	Comunidad Autónoma de Galicia|Galiza|Galizia|Galícia
3336903	ES	59	Basque Country	1770693	Europe/Madrid	Comunidad Autónoma Vasca|Comunidad Autónoma del País Vasco|Euskadi|Euskal Autonomia Erkidegoa|Euskal Herria|Euzkadi|País Basc|País Vasco|Provincias Vascongadas|Vascongadas
3337385	SE	27	Skåne	770254	Europe/Stockholm	Scania|Skane|Skoone|Skåne County|Skåne leatna|Skåne län
3337386	SE	28	Västra Götaland	1146042	Europe/Stockholm	Länsi-Götanmaan lääni|Oarje-Götalándda leatna|Vaestra Goetaland|Västra Götaland County|Västra Götalands län
3337387	BE	WAL	Wallonia	2048680	Europe/Brussels	Région Wallonne|Waals Gewest|Wallonie|Wallonien|Wallonische Region|Wallonië|Walloon Region
3337388	BE	VLG	Flanders	4946581	Europe/Brussels	Flandern|Flandre|Flemish Region|Flämische Region|Région Flamande|Vlaams Gewest|Vlaanderen
3337403	IS	41	Northwest	0		Nordväst|Nordwesten|Norðurland Vestra
3337404	IS	40	Northeast	19219	Atlantic/Reykjavik	Nordosten|Nordöst|Norðurland Eystra
3337405	IS	38	East	0		Austurland|Osten|Öst
3337406	IS	42	South	0		Suðurland|Syd|Süden
3337492	PL	72	Lower Silesia	2340332	Europe/Warsaw	Lower Silesian|Lower Silesian Voivodeship|Województwo dolnośląskie
3337493	PL	74	Łódź Voivodeship	1409943	Europe/Warsaw	Lodz Voivodeship|Województwo łódzkie
3337494	PL	76	Lubusz	448319	Europe/Warsaw	Lubusz Voivodeship|Lubusz Voivodship|województwo lubuskie
3337495	PL	79	Opole Voivodeship	398187	Europe/Warsaw	Województwo opolskie
3337496	PL	82	Pomerania	1617120	Europe/Warsaw	Pomerania Province|Pomeranian Voivodeship|Województwo pomorskie
3337497	PL	83	Silesia	3458593	Europe/Warsaw	Silesian Voivodeship|Województwo śląskie
3337498	PL	86	Greater Poland	1468878	Europe/Warsaw	Greater Poland Voivodeship|województwo wielkopolskie
3337499	PL	87	West Pomerania	930013	Europe/Warsaw	West Pomerania Province|West Pomeranian|West Pomeranian Voivodeship|województwo zachodniopomorskie
3337500	PL	73	Kujawsko-Pomorskie	1027903	Europe/Warsaw	Kujawsko-Pomorskie Voivodship|Kuyavian-Pomeranian|Kuyavian-Pomeranian Voivodeship|Województwo kujawsko-pomorskie
3337511	HR	01	Bjelovar-Bilogora	24392	Europe/Zagreb	Bjelovar-Bilogora County|Bjelovarsko-bilogorska|Bjelovarsko-bilogorska županija
3337512	HR	02	Brod-Posavina	45005	Europe/Zagreb	Brod-Posavina County|Brodsko-posavska|Brodsko-posavska županija
3337513	HR	03	Dubrovnik-Neretva	26922	Europe/Zagreb	Dubrovačko-neretvanska|Dubrovačko-neretvanska županija|Dubrovnik-Neretva County
3337514	HR	04	Istria	52220	Europe/Zagreb	County of Istria|Istarska|Istarska županija|Istra|Istria County
3337515	HR	05	Karlovac	41869	Europe/Zagreb	Karlovac County|Karlovačka|Karlovačka županija
3337518	HR	06	Koprivnica-Križevci	22262	Europe/Zagreb	Koprivnica-Krizevci|Koprivnica-Križevci County|Koprivničko-križevačka|Koprivničko-križevačka županija
3337519	HR	07	Krapina-Zagorje	0		Krapina-Zagorje County|Krapinsko-zagorska|Krapinsko-zagorska županija
3337520	HR	08	Lika-Senj	0		Lika-Senj County|Ličko-senjska|Ličko-senjska županija
3337521	HR	09	Međimurje	15078	Europe/Zagreb	Medjimurje|Megimurje|Međimurje County|Međimurska|Međimurska županija
3337522	HR	10	County of Osijek-Baranja	92473	Europe/Zagreb	Osječko-baranjska|Osječko-baranjska županija
3337523	HR	11	Požega-Slavonia	16867	Europe/Zagreb	Pozega-Slavonia|Požega-Slavonia County|Požeško-slavonska|Požeško-slavonska županija
3337524	HR	12	Primorje-Gorski Kotar	107964	Europe/Zagreb	Primorje-Gorski Kotar County|Primorsko-goranska|Primorsko-goranska županija
3337525	HR	13	Šibenik-Knin	31115	Europe/Zagreb	Sibenik-Knin|Šibenik-Knin County|Šibensko-kninska|Šibensko-kninska županija
3337526	HR	14	Sisak-Moslavina	27859	Europe/Zagreb	Sisak-Moslavina County|Sisačko-moslavačka|Sisačko-moslavačka županija
3337527	HR	15	Split-Dalmatia	170826	Europe/Zagreb	Split-Dalmatia County|Splitsko-dalmatinska|Splitsko-dalmatinska županija
3337528	HR	16	Varaždin	36187	Europe/Zagreb	Varazdin|Varaždin County|Varaždinska|Varaždinska županija
3337529	HR	18	Vukovar-Srijem	50366	Europe/Zagreb	Vukovar-Srijem County|Vukovar-Syrmia|Vukovar-Syrmia County|Vukovarsko-srijemska|Vukovarsko-srijemska županija
3337530	HR	19	Zadar	67309	Europe/Zagreb	Zadar County|Zadarska|Zadarska županija
3337531	HR	20	Zagreb County	65715	Europe/Zagreb	Zagrebačka|Zagrebačka županija
3337532	HR	21	Zagreb	755905	Europe/Zagreb	City of Zagreb|Grad Zagreb
3337533	HR	17	Virovitica-Podravina	0		Virovitica-Podravina County|Virovitičko-podravska|Virovitičko-podravska županija
3338529	AD	08	Escaldes-Engordany	15853	Europe/Andorra	Parròquia d'Escaldes-Engordany
3339536	CZ	78	South Moravian	727695	Europe/Prague	Jihomoravský|Jihomoravský kraj|Juhomoravský kraj|South Moravian Region
3339537	CZ	79	South Bohemian Region	201411	Europe/Prague	Jihočeský|Jihočeský kraj|Juhočeský kraj
3339538	CZ	80	Vysocina	144432	Europe/Prague	Kraj Vysočina|Vysočina
3339539	CZ	81	Carlsbad Region	115915	Europe/Prague	Karlovarský|Karlovarský kraj
3339540	CZ	82	Hradec Králové Region	172564	Europe/Prague	Hradec Kralove Region|Královéhradecký|Královéhradecký kraj
3339541	CZ	83	Liberec Region	185524	Europe/Prague	Liberecký|Liberecký kraj
3339542	CZ	84	Olomouc Region	225578	Europe/Prague	Olomoucký|Olomoucký kraj
3339573	CZ	85	Moravian-Silesian Region	717022	Europe/Prague	Moravskoslezský|Moravskoslezský kraj
3339574	CZ	86	Pardubice Region	128155	Europe/Prague	Pardubický|Pardubický kraj
3339575	CZ	87	Plzeň Region	210784	Europe/Prague	Plzen Region|Plzeňský|Plzeňský kraj
3339576	CZ	88	Central Bohemia	400472	Europe/Prague	Central Bohemian Region|Stredočeský kraj|Středočeský|Středočeský kraj
3339577	CZ	89	Ústí nad Labem Region	418591	Europe/Prague	Usti nad Labem Region|Ústecký|Ústecký kraj
3339578	CZ	90	Zlín	224041	Europe/Prague	Zlin|Zlínský|Zlínský kraj
3343954	SK	01	Banská Bystrica Region	197880	Europe/Bratislava	Banska Bystrica Region|Banskobystrický|Besztercebányai körzet
3343955	SK	02	Bratislava Region	808049	Europe/Bratislava	Bratislava|Bratislavský|Pozsonyi körzet
3343956	SK	04	Nitra Region	262565	Europe/Bratislava	Nitriansky|Nyitrai körzet
3343957	SK	06	Trenčín Region	250559	Europe/Bratislava	Trencin Region|Trencséni körzet|Trenčiansky
3343958	SK	07	Trnava Region	197607	Europe/Bratislava	Nagyszombati körzet|Trnava|Trnavský|Trnavský Kraj
3343959	ME	01	Andrijevica	0		
3344893	SI	N7	Municipality of Žirovnica	0		Municipality of Zirovnica|Občina Žirovnica
3344894	SI	H5	Municipality of Jezersko	0		Občina Jezersko
3344895	SI	M2	Municipality of Solčava	0		Municipality of Solcava|Občina Solčava
3344896	SI	H8	Komenda	0		Municipality of Komenda|Občina Komenda
3344897	SI	H3	Municipality of Horjul	0		Občina Horjul
3344898	SI	L6	Municipality of Šempeter–Vrtojba	0		Municipality of Sempeter-Vrtojba|Občina Šempeter - Vrtojba
3344899	SI	F6	Municipality of Bloke	0		Občina Bloke
3344900	SI	M1	Municipality of Sodražica	0		Municipality of Sodrazica|Občina Sodražica
3344901	SI	M8	Municipality of Trzin	0		Občina Trzin
3344902	SI	K6	Municipality of Prevalje	0		Občina Prevalje
3344903	SI	N4	Municipality of Vransko	0		Občina Vransko
3344904	SI	M5	Municipality of Tabor	0		Občina Tabor
3344905	SI	F7	Municipality of Braslovče	0		Municipality of Braslovce|Občina Braslovče
3344906	SI	K3	Municipality of Polzela	0		Občina Polzela
3344907	SI	K4	Prebold	0		Municipality of Prebold|Občina Prebold
3344908	SI	H9	Municipality of Kostel	0		Občina Kostel
3344909	SI	N8	Municipality of Žužemberk	0		Municipality of Zuzemberk|Občina Žužemberk
3344910	SI	G6	Dolenjske Toplice	0		Municipality of Dolenjske Toplice|Občina Dolenjske Toplice
3344911	SI	J6	Municipality of Mirna Peč	0		Municipality of Mirna Pec|Občina Mirna Peč
3344912	SI	F5	Municipality of Bistrica ob Sotli	0		Občina Bistrica ob Sotli
3344913	SI	G2	Municipality of Dobje	0		Občina Dobje
3344914	SI	G3	Dobrna	0		Municipality of Dobrna|Občina Dobrna
3344915	SI	J8	Municipality of Oplotnica	0		Občina Oplotnica
3344916	SI	K2	Municipality of Podvelka	0		Občina Podvelka
3344917	SI	L2	Municipality of Ribnica na Pohorju	0		Občina Ribnica na Pohorju
3344918	SI	I8	Municipality of Lovrenc na Pohorju	0		Občina Lovrenc na Pohorju
3344919	SI	L5	Municipality of Selnica ob Dravi	0		Občina Selnica ob Dravi
3344920	SI	H1	Municipality of Hoče–Slivnica	0		Municipality of Hoce-Slivnica|Občina Hoče - Slivnica
3344921	SI	J4	Municipality of Miklavž na Dravskem Polju	0		Municipality of Miklavz na Dravskem Polju|Občina Miklavž na Dravskem polju
3344922	SI	G9	Hajdina	0		Municipality of Hajdina|Občina Hajdina
3344923	SI	N6	Municipality of Žetale	0		Municipality of Zetale|Občina Žetale
3344924	SI	K1	Municipality of Podlehnik	0		Občina Podlehnik
3344925	SI	J3	Municipality of Markovci	0		Občina Markovci
3344926	SI	G1	Destrnik	0		Municipality of Destrnik|Občina Destrnik
3344927	SI	M7	Municipality of Trnovska Vas	0		Občina Trnovska vas
3344928	SI	M4	Municipality of Sveti Andraž v Slovenskih Goricah	0		Municipality of Sveti Andraz v Slovenskih Goricah|Občina Sveti Andraž v Slovenskih goricah
3344929	SI	F9	Municipality of Cerkvenjak	0		Občina Cerkvenjak
3344930	SI	F4	Municipality of Benedikt	0		Občina Benedikt
3344931	SI	M3	Municipality of Sveta Ana	0		Občina Sveta Ana
3344932	SI	I1	Municipality of Križevci	0		Municipality of Krizevci|Občina Križevci
3344933	SI	N1	Municipality of Veržej	0		Municipality of Verzej|Občina Veržej
3344934	SI	M9	Municipality of Velika Polana	0		Občina Velika Polana
3344935	SI	I4	Municipality of Lendava	0		Lendava|Občina Lendava
3344936	SI	G5	Municipality of Dobrovnik	0		Dobrovnik|Občina Dobrovnik
3344937	SI	M6	Municipality of Tišina	0		Municipality of Tisina|Občina Tišina
3344938	SI	F8	Municipality of Cankova	0		Občina Cankova
3344939	SI	G8	Grad	0		Municipality of Grad|Občina Grad
3344940	SI	H2	Municipality of Hodoš	0		Hodoš|Municipality of Hodos|Občina Hodoš
3344941	SI	K9	Municipality of Razkrižje	0		Municipality of Razkrizje|Občina Razkrižje
3344942	SI	L9	Municipality of Šmartno pri Litiji	0		Municipality of Smartno pri Litiji|Občina Šmartno pri Litiji
3344943	SI	L4	Municipality of Šalovci	0		Municipality of Salovci|Občina Šalovci
3344947	AL	42	Durrës County	285087	Europe/Tirane	Durres County
3344948	AL	44	Fier County	219106	Europe/Tirane	
3344949	AL	48	Lezhë County	18695	Europe/Tirane	Lezhe County
3344950	AL	49	Shkodër County	95553	Europe/Tirane	Shkoder County
3344951	AL	50	Tirana	448507	Europe/Tirane	
3344952	AL	51	Vlorë County	137874	Europe/Tirane	Vlore County
3345302	SM	07	San Marino	4500	Europe/San_Marino	
3345303	SM	01	Acquaviva	0		
3345304	SM	06	Borgo Maggiore	0		
3345305	SM	03	Domagnano	0		
3345306	SM	04	Faetano	0		
3345307	SM	05	Fiorentino	0		
3345308	SM	08	Montegiardino	0		
3347016	AO	13	Namibe	410292	Africa/Luanda	Namibe Province
3348303	AO	09	Huíla	732765	Africa/Luanda	Huila|Huíla Province
3348310	AO	08	Huambo	1117757	Africa/Luanda	Huambo Province|Província do Huambo
3349096	AO	07	Cunene	262583	Africa/Luanda	Cunene Province
3349234	AO	06	Kwanza Sul	817967	Africa/Luanda	Cuanza-Sul|Kwanza Sul Province|Província do Cuanza-Sul
3351640	AO	02	Bíe	583060	Africa/Luanda	Bie|Bíe Province
3351660	AO	01	Benguela	1895634	Africa/Luanda	Benguela Province|Província de Benguela
3352137	NA	21	Khomas Region	407462	Africa/Windhoek	Khomas
3370684	SH	03	Tristan da Cunha	0		
3371199	NA	29	Erongo Region	126607	Africa/Windhoek	Erongo
3371200	NA	30	Hardap Region	34185	Africa/Windhoek	Hardap
3371201	NA	31	Karas Region	38186	Africa/Windhoek	Karas|ǁKaras
3371202	NA	32	Kunene Region	0		Kunene
3371203	NA	33	Ohangwena Region	22963	Africa/Windhoek	Ohangwena
3371205	NA	35	Omaheke Region	22639	Africa/Windhoek	Omaheke
3371206	NA	36	Omusati Region	0		Omoesati|Omusati
3371207	NA	37	Oshana Region	94370	Africa/Windhoek	Oshana|Osjana
3371208	NA	38	Oshikoto Region	22845	Africa/Windhoek	Oshikoto|Osjikoto
3371209	NA	39	Otjozondjupa Region	84412	Africa/Windhoek	Otjozondjoepa|Otjozondjupa
3373551	BB	11	Saint Thomas	0		
3373553	BB	10	Saint Philip	0		
3373554	BB	09	Saint Peter	0		
3373557	BB	08	Saint Michael	98511	America/Barbados	
3373565	BB	07	Saint Lucy	0		
3373568	BB	06	Saint Joseph	0		
3373569	BB	05	Saint John	0		
3373570	BB	04	Saint James	0		
3373572	BB	03	Saint George	0		
3373580	BB	02	Saint Andrew	0		
3373988	BB	01	Christ Church	0		
3374161	CV	20	Tarrafal	0		Tarrafal Municipality
3374198	CV	11	São Vicente	69013	Atlantic/Cape_Verde	Sao Vicente|São Vicente Municipality
3374226	CV	15	Santa Catarina	21297	Atlantic/Cape_Verde	Santa Catarina Municipality
3374249	CV	08	Sal	24500	Atlantic/Cape_Verde	Concelho do Sal|Sal Municipality
3374274	CV	07	Ribeira Grande	0		Ribeira Grande Municipality
3374332	CV	14	Praia	137868	Atlantic/Cape_Verde	Praia Municipality
3374391	CV	05	Paul	0		Paul Municipality
3374487	CV	04	Maio	0		Maio Municipality
3374832	CV	02	Brava	0		Brava Municipality
3374855	CV	01	Boa Vista	0		Boa Vista Municipality
3375463	GY	19	Upper Takutu-Upper Essequibo	0		
3375469	GY	18	Upper Demerara-Berbice	44690	America/Guyana	
3376386	GY	17	Potaro-Siparuni	0		
3376407	GY	16	Pomeroon-Supenaam	0		
3377274	GY	15	Mahaica-Berbice	0		
3378741	GY	14	Essequibo Islands-West Demerara	0		
3378840	GY	13	East Berbice-Corentyne	35039	America/Guyana	
3378950	GY	12	Demerara-Mahaica	235017	America/Guyana	
3379023	GY	11	Cuyuni-Mazaruni	0		
3379515	GY	10	Barima-Waini	0		
3382761	SR	19	Wanica District	41434	America/Paramaribo	Distrik Wanika|Pasuni fu Wanica|Wanica
3383062	SR	18	Sipaliwini District	0		Dhistrik Sipaliwini|Pasuni fu Sipaliwini|Sipaliwini
3383110	SR	17	Saramacca District	0		Dhistrik Saramacca|Pasuni fu Saramacca|Saramacca
3383329	SR	16	Paramaribo District	412630	America/Paramaribo	Dhistrik Paramaribo|Paramaribo|Pasuni fu Paramaribo
3383337	SR	15	Para District	0		Dhistrik Para|Para|Pasuni fu Para
3383438	SR	14	Nickerie District	0		Distrik Nikeri|Nickerie|Pasuni fu Nickerie
3383560	SR	13	Marowijne District	0		Distrik Marovine|Marowijne|Pasuni fu Marowijne
3384397	SR	12	Coronie District	0		Coronie|Distrik Koronie|Pasuni fu Coronie
3384418	SR	11	Commewijne District	0		Commewijne|Distrik Kommevine|Pasuni fu Commewijne
3384481	SR	10	Brokopondo District	0		Brokopondo|Dhistrik Brokopondo|Pasuni fu Brokopondo
3390290	BR	22	Rio Grande do Norte	2549462	America/Fortaleza	Estado de Río Grande del Norte|Río Grande del Norte
3392213	BR	20	Piauí	2158261	America/Fortaleza	Estado de Piauí|Piaui
3392268	BR	30	Pernambuco	8875473	America/Bahia|America/Recife	Estado de Pernambuco|Pernambouc
3393098	BR	17	Paraíba	2916906	America/Fortaleza	Estado de Paraíba|Paraiba|Paraïba
3393129	BR	16	Pará	8585683	America/Belem|America/Santarem	Estado de Pará|Para
3395443	BR	13	Maranhão	5893661	America/Fortaleza	Estado de Maranhão|Maranhao
3402362	BR	06	Ceará	8306256	America/Fortaleza	Ceara|Céará|Estado de Ceará
3407762	BR	03	Amapá	773642	America/Belem	Amapa|Estado de Amapá
3408096	BR	02	Alagoas	2828618	America/Maceio	Estado de Alagoas
3411865	PT	23	Azores	20056	Atlantic/Azores	Autonomous Region of the Azores|Açores|Região Autónoma dos Açores
3411924	CV	13	Mosteiros	0		Mosteiros Municipality
3411925	CV	16	Santa Cruz	0		Santa Cruz Municipality
3411926	CV	17	São Domingos	0		Sao Domingos|São Domingos Municipality
3411927	CV	18	São Filipe	0		Sao Filipe|São Filipe Municipality
3411928	CV	19	São Miguel	0		Sao Miguel|São Miguel Municipality
3424935	PM	97502	Saint-Pierre	6200	America/Miquelon	
3424938	PM	97501	Miquelon-Langlade	0		
3426182	IS	39	Capital Region	190483	Atlantic/Reykjavik	Hauptstadtregion|Huvudstadsregion|Höfuðborgarsvæði|Höfuðborgarsvæðið
3426183	IS	43	Southern Peninsula	35654	Atlantic/Reykjavik	Suðurnes|Södra halvön|Südliche Halbinsel
3426184	IS	45	West	0		Vesturland|Västra|Westen
3426185	IS	44	Westfjords	0		Vestfirðir|Västfjordarna
3430657	AR	14	Misiones	741526	America/Argentina/Cordoba	Misiones Province|Provincia de Misiones
3433896	AR	09	Formosa	241350	America/Argentina/Cordoba	Formosa Province|Provincia de Formosa
3433955	AR	07	Buenos Aires F.D.	3823078	America/Argentina/Buenos_Aires	Autonomous City of Buenos Aires|Buenos Aires|Buenos Aires C.F.|Capital Federal|Ciudad Autónoma de Buenos Aires|Ciudad de Buenos Aires|Federal District
3434137	AR	08	Entre Rios	858575	America/Argentina/Cordoba	Entre Ríos|Entre Ríos Province|Provincia de Entre Ríos
3435214	AR	06	Corrientes	879624	America/Argentina/Cordoba	Corrientes Province|Provincia de Corrientes|Provinz Corrientes|Taragui Tetãmini
3435907	AR	01	Buenos Aires	7971365	America/Argentina/Buenos_Aires	Tetãvore Vuenosáire
3437027	PY	17	San Pedro Department	0		San Pedro|Tetãvore San Pedro
3437443	PY	16	Presidente Hayes	57217	America/Asuncion	Presidente Hayes Department|Tetãvore Presidente Hayes
3437599	PY	15	Paraguarí	0		Paraguari
3437677	PY	13	Ñeembucú Department	32810	America/Asuncion	Neembucu Department
3437727	PY	12	Misiones Department	16593	America/Asuncion	Misiones
3437923	PY	11	Itapúa	74983	America/Asuncion	Itapua
3438049	PY	10	Guairá	41157	America/Asuncion	Guaira
3438827	PY	08	Cordillera Department	56864	America/Asuncion	Cordillera
3438833	PY	07	Concepción	79413	America/Asuncion	Concepcion
3439137	PY	06	Central Department	1176059	America/Asuncion	Departamento Central|Tetãvore Central
3439216	PY	19	Canindeyú	0		Canindeyu|Kanindeju
3439296	PY	05	Caazapá	23996	America/Asuncion	Caazapa|Caazapá Department|Tetãvore Ka'asapa
3439312	PY	04	Caaguazú Department	144988	America/Asuncion	Caaguazu Department
3439433	PY	02	Amambay Department	75109	America/Asuncion	Amambai|Amambay
3439440	PY	01	Alto Paraná Department	356107	America/Asuncion	Alto Parana Department
3439441	PY	23	Alto Paraguay	0		Alto Paraguái
3439780	UY	19	Treinta y Tres Department	25890	America/Montevideo	Departamento de Treinta y Tres
3440033	UY	18	Tacuarembó Department	60586	America/Montevideo	Departamento de Tacuarembó|Tacuarembo Department
3440054	UY	17	Soriano	60717	America/Montevideo	Departamento de Soriano|Soriano Department
3440645	UY	16	San José Department	53856	America/Montevideo	Departamento de San José|San Jose Department
3440711	UY	15	Salto Department	114084	America/Montevideo	Departamento de Salto
3440771	UY	14	Rocha Department	26784	America/Montevideo	Departamento de Rocha
3440780	UY	13	Rivera Department	84775	America/Montevideo	Departamento de Rivera
3440789	UY	12	Río Negro Department	43053	America/Montevideo	Departamento de Río Negro|Rio Negro Department
3441242	UY	11	Paysandú Department	81550	America/Montevideo	Departamento de Paysandú|Paysandu Department
3441572	UY	10	Montevideo Department	1270737	America/Montevideo	Departamento de Montevideo
3441890	UY	09	Maldonado	129471	America/Montevideo	Departamento de Maldonado|Maldonado Department
3442007	UY	08	Lavalleja	38645	America/Montevideo	Departamento de Lavalleja|Lavalleja Department
3442584	UY	07	Florida	36471	America/Montevideo	Florida Department|departamento de Florida
3442587	UY	06	Flores Department	22897	America/Montevideo	Departamento de Flores
3442720	UY	05	Durazno Department	40279	America/Montevideo	Departamento de Durazno
3443025	UY	04	Colonia	50205	America/Montevideo	Colonia Department|Departamento de Colonia
3443173	UY	03	Cerro Largo	56013	America/Montevideo	Cerro Largo Department
3443411	UY	02	Canelones	217552	America/Montevideo	Canelones Department|Departamento de Canelones
3443756	UY	01	Artigas	43897	America/Montevideo	Artigas Department|Departamento de Artigas
3447799	BR	28	Sergipe	2000566	America/Bahia|America/Maceio	Estado de Sergipe
3448433	BR	27	São Paulo	54503129	America/Sao_Paulo	Estado de São Paulo|Sao Paulo
3450387	BR	26	Santa Catarina	6824564	America/Sao_Paulo	Estado de Santa Catarina
3451133	BR	23	Rio Grande do Sul	9341283	America/Sao_Paulo	Estado de Río Grande del Sur|Río Grande del Sur
3451189	BR	21	Rio de Janeiro	17123159	America/Sao_Paulo	Estado de Río de Janeiro|Estado do Rio de Janeiro|Río de Janeiro
3455077	BR	18	Paraná	9703941	America/Sao_Paulo	Estado de Paraná|Parana
3457153	BR	15	Minas Gerais	17199434	America/Sao_Paulo	Estado de Minas Gerais
3457415	BR	11	Mato Grosso do Sul	2429053	America/Campo_Grande	Estado de Mato Grosso do Sul|Mato Grosso del Sur
3457419	BR	14	Mato Grosso	2960376	America/Cuiaba	Estado de Mato Grosso
3462372	BR	29	Goiás	6090188	America/Sao_Paulo	Estado de Goiás|Goias
3463504	BR	07	Federal District	4998797	America/Sao_Paulo	District fédéral|Distrito Federal
3463930	BR	08	Espírito Santo	3423496	America/Bahia|America/Sao_Paulo	Espirito Santo|Estado de Espírito Santo
3471168	BR	05	Bahia	13043736	America/Bahia	Bahía|Estado da Bahia|Estado de Bahia
3474570	PY	22	Asuncion	1482200	America/Asuncion	Asunción
3474575	BR	31	Tocantins	858988	America/Araguaina	Estado de Tocantins
3488081	JM	16	Westmoreland	16553	America/Jamaica	
3488222	JM	15	Trelawny Parish	0		
3488688	JM	14	Saint Thomas Parish	0		
3488693	JM	13	Saint Mary Parish	0		
3488700	JM	12	Saint James Parish	100036	America/Jamaica	
3488708	JM	11	St. Elizabeth	0		Saint Elizabeth
3488711	JM	10	Saint Catherine Parish	294563	America/Jamaica	
3488715	JM	09	Saint Ann Parish	26503	America/Jamaica	
3488716	JM	08	Saint Andrew Parish	602510	America/Jamaica	
3488997	JM	07	Portland Parish	0		
3489586	JM	04	Manchester	47115	America/Jamaica	
3489853	JM	17	Kingston	937700	America/Jamaica	
3490145	JM	02	Hanover	0		Hanover Parish
3490952	JM	01	Clarendon	44755	America/Jamaica	
3492112	DO	27	Valverde Province	90466	America/Santo_Domingo	Provincia Valverde|Valverde
3492912	DO	26	Santiago Rodríguez	16380	America/Santo_Domingo	Provincia Santiago Rodríguez|Santiago Rodriguez
3492918	DO	25	Santiago Province	1256441	America/Santo_Domingo	Provincia Santiago|Provincia de Santiago
3493031	DO	24	San Pedro de Macorís	273482	America/Santo_Domingo	Provincia San Pedro de Macorís|San Pedro de Macoris
3493091	DO	23	San Juan Province	94752	America/Santo_Domingo	Provincia San Juan|Provincia de San Juan
3493186	DO	33	San Cristóbal	260851	America/Santo_Domingo	Provincia San Cristóbal|San Cristobal
3493192	DO	21	Sánchez Ramírez	41641	America/Santo_Domingo	Sanchez Ramirez
3493232	DO	20	Samaná	0		Distrito de Samana|Provincia de Samaná|Samana|Samaná Province
3493282	DO	19	Hermanas Mirabal	45299	America/Santo_Domingo	
3494267	DO	18	Puerto Plata	185183	America/Santo_Domingo	Provincia Puerto Plata
3495015	DO	35	Peravia	66709	America/Santo_Domingo	Provincia Peravia
3495136	DO	16	Pedernales Province	0		Pedernales|Provincia Pedernales
3496024	DO	34	Nacional	2532270	America/Santo_Domingo	Distrito de Santo Domingo
3496132	DO	32	Monte Plata Province	53421	America/Santo_Domingo	Monte Plata|Provincia Monte Plata
3496200	DO	15	Monte Cristi Province	17001	America/Santo_Domingo	Monte Cristi|Provincia Monte Cristi
3496274	DO	31	Monseñor Nouel	73269	America/Santo_Domingo	Monsenor Nouel|Provincia Monseñor Nouel
3496772	DO	14	María Trinidad Sánchez	33862	America/Santo_Domingo	Maria Trinidad Sanchez
3499977	DO	30	La Vega	161890	America/Santo_Domingo	Provincia La Vega
3500955	DO	12	La Romana	208437	America/Santo_Domingo	Provincia La Romana
3503706	DO	10	La Altagracia Province	223810	America/Santo_Domingo	La Altagracia
3504326	DO	09	Independencia	0		Provincia Independencia
3504766	DO	29	Hato Mayor Province	35999	America/Santo_Domingo	Hato Mayor|Provincia Hato Mayor
3505867	DO	08	Espaillat Province	61834	America/Santo_Domingo	Espaillat
3506189	DO	28	El Seíbo	23547	America/Santo_Domingo	El Seibo|Provincia El Seibo
3507269	DO	11	Elías Piña	0		Elias Pina|Provincia Elías Piña
3508718	DO	06	Duarte Province	124763	America/Santo_Domingo	Duarte
3508951	DO	04	Dajabón	16398	America/Santo_Domingo	Dajabon|Provincia Dajabón
3512042	DO	03	Barahona Province	77160	America/Santo_Domingo	Barahona|Provincia Barahona
3512050	DO	02	Baoruco Province	18670	America/Santo_Domingo	Bahoruco|Provincia Baoruco
3512209	DO	01	Azua Province	59139	America/Santo_Domingo	Provincia Azua|Provincia de Azua
3514211	MX	31	Yucatán	1634973	America/Merida	Estado de Yucatán|Yucatan
3514780	MX	30	Veracruz	3200231	America/Mexico_City	Estado Libre y Soberano de Veracruz de Ignacio de la Llave|Estado de Veracruz-Llave|Veracruz-Llave
3515359	MX	29	Tlaxcala	468430	America/Mexico_City	Estado de Tlaxcala
3516391	MX	28	Tamaulipas	2811249	America/Matamoros|America/Monterrey	Estado de Tamaulipas
3516458	MX	27	Tabasco	818658	America/Merida|America/Mexico_City	Estado de Tabasco
3520887	MX	23	Quintana Roo	1328961	America/Cancun	Estado de Quintana Roo
3520914	MX	22	Querétaro	1886595	America/Mexico_City	Estado de Querétaro de Arteaga|Queretaro|Querétaro de Arteaga
3521082	MX	21	Puebla	3442148	America/Mexico_City	Estado de Puebla
3522509	MX	20	Oaxaca	1033448	America/Mexico_City	Estado de Oaxaca
3522542	MX	19	Nuevo León	4524691	America/Matamoros|America/Monterrey	Estado de Nuevo León|Nuevo Leon
3522961	MX	17	Morelos	1153203	America/Mexico_City	Estado de Morelos
3523272	MX	15	México	10938110	America/Mexico_City	Estado de México|Mexico|State of Mexico
3527115	MX	13	Hidalgo	824546	America/Mexico_City	Estado de Hidalgo
3527213	MX	12	Guerrero	1390364	America/Mexico_City	Estado de Guerrero
3527646	MX	09	Mexico City	21782225	America/Mexico_City	Ciudad de México
3531011	MX	05	Chiapas	1966517	America/Merida|America/Mexico_City	Estado de Chiapas
3531730	MX	04	Campeche	471985	America/Merida	Estado de Campeche
3534168	CU	16	Villa Clara Province	725637	America/Havana	Provincia de Villa Clara
3536725	CU	15	Santiago de Cuba Province	796422	America/Havana	Provincia de Santiago de Cuba
3540665	CU	14	Sancti Spíritus Province	368828	America/Havana	Provincia de Sancti Spíritus|Sancti Spiritus Province
3544088	CU	01	Pinar del Río	360646	America/Havana	Pinar del Rio
3547394	CU	03	Matanzas Province	563813	America/Havana	provincia de Matanzas
3550595	CU	13	Las Tunas Province	442546	America/Havana	Provincia de Las Tunas
3556608	CU	04	Isla de la Juventud	20264	America/Havana	
3556965	CU	12	Holguín Province	641789	America/Havana	Holguin Province|Provincia de Holguín
3557685	CU	10	Guantánamo Province	375192	America/Havana	Guantanamo Province|provincia de Guantánamo
3558052	CU	09	Granma Province	596503	America/Havana	provincia de Granma
3564073	CU	02	Havana	5128460	America/Havana	La Habana|La Habana Province|Provincia de La Habana
3564120	CU	08	Cienfuegos Province	355446	America/Havana	Provincia de Cienfuegos
3564175	CU	07	Ciego de Ávila Province	331375	America/Havana	Ciego de Avila Province|Provincia de Ciego de Ávila
3566062	CU	05	Camagüey	647416	America/Havana	Camaguey
3571493	BS	35	San Salvador	0		
3571629	BS	18	Ragged Island	0		
3571809	BS	32	Berry Islands	0		
3571815	BS	23	New Providence	245619	America/Nassau	
3571894	BS	16	Mayaguana	0		
3572005	BS	15	Long Island	0		Long Island District
3572154	BS	13	Inagua	0		Inagua District
3572238	BS	22	Harbour Island	0		Harbour Island District
3572374	BS	25	Freeport	73435	America/Nassau	
3572427	BS	10	Exuma	0		
3572678	BS	06	Cat Island	0		
3572807	BS	05	Bimini	0		Bimini District
3572937	BS	24	Acklins	0		
3572972	BM	11	Warwick	0		
3573026	BM	10	Southampton	0		
3573031	BM	09	Smithʼs	0		Smith's Parish
3573050	BM	08	Sandys	0		
3573057	BM	07	Saint Georgeʼs	0		Saint George's Parish
3573062	BM	06	Saint George	0		
3573095	BM	05	Pembroke	0		
3573103	BM	04	Paget	0		
3573195	BM	02	Hamilton	0		Hamilton Parish
3573198	BM	03	Hamilton city	902	Atlantic/Bermuda	Cidade de Hamilton
3573251	BM	01	Devonshire	0		
3573606	TT	11	Tobago	17000	America/Port_of_Spain	
3573739	TT	10	San Fernando	138499	America/Port_of_Spain	City of San Fernando
3573891	TT	05	Port of Spain	49031	America/Port_of_Spain	City of Port of Spain|Port-d'Espagne|Puerto de España
3574155	TT	03	Mayaro	35650	America/Port_of_Spain	Rio Claro-Mayaro
3575052	TT	01	Borough of Arima	35000	America/Port_of_Spain	Arima
3575114	KN	15	Trinity Palmetto Point	0		
3575164	KN	13	Middle Island	0		Saint Thomas Middle Island|Saint Thomas Middle Island Parish|St. Thomas Middle Island|St. Thomas Middle Island Parish
3575165	KN	12	Saint Thomas Lowland	0		
3575168	KN	11	Saint Peter Basseterre	0		
3575171	KN	10	Saint Paul Charlestown	0		
3575172	KN	09	Saint Paul Capesterre	0		
3575173	KN	08	Saint Mary Cayon	0		
3575175	KN	07	Saint John Figtree	0		
3575176	KN	06	Saint John Capesterre	0		
3575177	KN	05	Saint James Windwa	0		
3575179	KN	04	Saint George Gingerland	0		
3575180	KN	03	Saint George Basseterre	12920	America/St_Kitts	
3575183	KN	02	Saint Anne Sandy Point	0		
3575476	KN	01	Christ Church Nichola Town	0		
3575618	DM	11	Saint Peter Parish	0		
3575619	DM	10	Saint Paul Parish	0		
3575620	DM	09	Saint Patrick Parish	0		
3575621	DM	08	Saint Mark Parish	0		
3575622	DM	07	Saint Luke Parish	0		
3575625	DM	06	Saint Joseph Parish	0		
3575626	DM	05	Saint John Parish	0		
3575628	DM	04	Saint George Parish	16571	America/Dominica	
3575630	DM	03	Saint David Parish	0		
3575632	DM	02	Saint Andrew Parish	0		
3576015	AG	08	Saint Philip Parish	0		
3576016	AG	07	Saint Peter Parish	0		
3576017	AG	06	Saint Paul Parish	0		
3576018	AG	05	Saint Mary Parish	0		
3576023	AG	04	Saint John Parish	51737	America/Antigua	
3576024	AG	03	Saint George Parish	0		
3576037	AG	09	Redonda	0		
3576390	AG	01	Barbuda	0		
3576413	LC	10	Vieux-Fort	0		
3576441	LC	09	Soufrière	0		Soufriere
3576567	LC	08	Micoud	0		
3576662	LC	07	Laborie	0		
3576685	LC	06	Gros-Islet	25210	America/St_Lucia	
3576764	LC	05	Dennery	0		
3576794	LC	04	Choiseul	0		
3576810	LC	03	Castries	20000	America/St_Lucia	
3576891	LC	01	Anse-la-Raye	0		
3577818	VC	05	Saint Patrick Parish	0		Saint-Patrick
3577819	VC	04	Saint George Parish	48723	America/St_Vincent	Saint-George
3577821	VC	03	Saint David Parish	0		Saint-David
3577822	VC	02	Saint Andrew Parish	0		Saint-Andrew
3577892	VC	06	Grenadines Parish	0		Grenadines
3577934	VC	01	Charlotte Parish	0		Charlotte
3578039	MS	03	Saint Peter	1000	America/Montserrat	
3578044	MS	02	Saint Georges	0		
3578045	MS	01	Saint Anthony	0	America/Montserrat	
3579907	GD	06	Saint Patrick Parish	0		
3579913	GD	05	Saint Mark Parish	0		
3579919	GD	04	Saint John Parish	0		
3579926	GD	03	Saint George Parish	7500	America/Grenada	
3579932	GD	02	Saint David Parish	0		
3579938	GD	01	Saint Andrew Parish	0		
3580913	BZ	06	Toledo District	0		Distrito de Toledo
3580975	BZ	05	Southern District	0		Distrito de Stann Creek|Stann Creek District
3581511	BZ	04	Orange Walk District	15298	America/Belize	Distrito de Orange Walk
3582302	BZ	03	Corozal District	0		Distrito de Corozal
3582429	BZ	02	Cayo District	34610	America/Belize	Distrito de Cayo
3582676	BZ	01	Belize District	82651	America/Belize	Distrito de Belice
3582882	SV	14	Usulutan	86016	America/El_Salvador	Usulután
3583101	SV	13	Sonsonate Department	116874	America/El_Salvador	Departamento de Sonsonate
3583176	SV	12	San Vicente Department	41504	America/El_Salvador	Departamento de San Vicente
3583332	SV	11	Santa Ana Department	228086	America/El_Salvador	Departamento de Santa Ana
3583360	SV	10	San Salvador Department	1384512	America/El_Salvador	Departamento de San Salvador
3583462	SV	09	San Miguel Department	266221	America/El_Salvador	Departamento de San Miguel
3584317	SV	08	Morazan	16152	America/El_Salvador	Morazán
3584767	SV	07	La Union	26807	America/El_Salvador	La Unión
3585087	SV	06	La Paz Department	39613	America/El_Salvador	Departamento de La Paz
3585155	SV	05	La Libertad Department	204202	America/El_Salvador	Departamento de La Libertad
3586831	SV	04	Cuscatlan	87772	America/El_Salvador	Cuscatlán
3587090	SV	03	Chalatenango Department	19364	America/El_Salvador	Departamento de Chalatenango
3587217	SV	02	Cabanas	20386	America/El_Salvador	Cabañas
3587425	SV	01	Ahuachapan	34102	America/El_Salvador	Ahuachapán
3587586	GT	22	Zacapa	79778	America/Guatemala	Departamento de Zacapa|Zacapa Department
3588257	GT	21	Totonicapán	208659	America/Guatemala	Totonicapan|Totonicapán Department
3588668	GT	20	Suchitepeque	238987	America/Guatemala	Suchitepequez Department|Suchitepéquez
3588697	GT	19	Sololá	106372	America/Guatemala	Departamento de Sololá|Solola|Sololá Department
3589172	GT	18	Santa Rosa Department	107307	America/Guatemala	Departamento de Santa Rosa
3589801	GT	17	San Marcos	239389	America/Guatemala	Departamento de San Marcos|San Marcos Department
3590686	GT	16	Sacatepéquez	221607	America/Guatemala	Departamento de Sacatepéquez|Sacatepequez|Sacatepéquez Department
3590857	GT	15	Retalhuleu	201071	America/Guatemala	
3590964	GT	14	Quiché	243147	America/Guatemala	Departamento de Quiché|Quiche|Quiché Department
3590978	GT	13	Quetzaltenango	501730	America/Guatemala	Departamento de Quetzaltenango|Quetzaltenango Department
3591410	GT	12	Petén	68548	America/Guatemala	Departamento de Petén|Peten|Petén Department
3595067	GT	11	Jutiapa	223009	America/Guatemala	
3595236	GT	10	Jalapa	184519	America/Guatemala	
3595259	GT	09	Izabal Department	157999	America/Guatemala	Departamento de Izabal|Izabal
3595415	GT	08	Huehuetenango	165627	America/Guatemala	
3595530	GT	07	Guatemala	2980203	America/Guatemala	Departamento de Guatemala|Guatemala Department
3595802	GT	06	Escuintla	441134	America/Guatemala	
3596416	GT	05	El Progreso	40674	America/Guatemala	Departamento de El Progreso|El Progreso Department
3598464	GT	04	Chiquimula	132179	America/Guatemala	Chiquimula Department|Departamento de Chiquimula
3598571	GT	03	Chimaltenango	342906	America/Guatemala	Chimaltenango Department|Departamento de Chimaltenango
3599602	GT	02	Baja Verapaz	80432	America/Guatemala	Baja Verapaz Department|Departamento de Baja Verapaz
3599773	GT	01	Alta Verapaz	336928	America/Guatemala	Alta Verapaz Department|Departamento de Alta Verapaz
3600193	HN	18	Yoro Department	385156	America/Tegucigalpa	Departamento de Yoro
3600456	HN	17	Valle Department	43233	America/Tegucigalpa	Departamento de Valle
3601689	HN	16	Santa Bárbara Department	178768	America/Tegucigalpa	Santa Barbara|Santa Barbara Department
3604249	HN	15	Olancho Department	227104	America/Tegucigalpa	Departamento de Olancho
3604318	HN	14	Ocotepeque Department	15983	America/Tegucigalpa	Departamento de Ocotepeque
3606066	HN	13	Lempira Department	80314	America/Tegucigalpa	Departamento de Lempira
3607251	HN	12	La Paz Department	17555	America/Tegucigalpa	Departamento de La Paz
3608814	HN	11	Bay Islands	0		Islas de la Bahía
3608833	HN	10	Intibucá Department	40117	America/Tegucigalpa	Departamento de Intibucá|Intibuca Department
3609583	HN	09	Gracias a Dios Department	0		Departamento de Gracias a Dios
3609672	HN	08	Francisco Morazán Department	890861	America/Tegucigalpa	Departamento de Francisco Morazán|Francisco Morazan Department
3610942	HN	07	El Paraíso Department	313198	America/Tegucigalpa	Departamento de El Paraíso|El Paraiso Department
3613140	HN	06	Cortés Department	1411147	America/Tegucigalpa	Cortes Department|Departamento de Cortés
3613229	HN	05	Copán Department	127434	America/Tegucigalpa	Copan Department|Departamento de Copán
3613319	HN	04	Comayagua Department	269722	America/Tegucigalpa	Departamento de Comayagua
3613358	HN	03	Colón Department	215145	America/Tegucigalpa	Colon Department|Departamento de Colón
3613527	HN	02	Choluteca Department	100518	America/Tegucigalpa	Departamento de Choluteca
3615027	HN	01	Atlántida Department	492673	America/Tegucigalpa	Atlantida Department|Departamento de Atlántida
3617051	NI	15	Rivas Department	30000	America/Managua	Departamento de Rivas
3617056	NI	14	Río San Juan Department	0		Departamento de Río San Juan|Rio San Juan Department
3617458	NI	13	Nueva Segovia Department	57965	America/Managua	Departamento de Nueva Segovia
3617707	NI	12	Matagalpa Department	126107	America/Managua	Departamento de Matagalpa
3617722	NI	11	Masaya Department	151565	America/Managua	Departamento de Masaya
3617762	NI	10	Managua Department	1180626	America/Managua	
3617796	NI	09	Madriz Department	20316	America/Managua	Departamento de Madriz
3618029	NI	08	León Department	194289	America/Managua	Departamento de León|Leon Department
3618928	NI	07	Jinotega Department	55000	America/Managua	Departamento de Jinotega
3619135	NI	06	Granada Department	110219	America/Managua	Departamento de Granada
3619193	NI	05	Estelí Department	96422	America/Managua	Departamento de Estelí|Esteli Department
3620368	NI	04	Chontales Department	50000	America/Managua	Departamento de Chontales
3620380	NI	03	Chinandega Department	247596	America/Managua	Departamento de Chinandega
3620481	NI	02	Carazo Department	87862	America/Managua	Departamento de Carazo
3620673	NI	01	Boaco Department	45699	America/Managua	Departamento de Boaco
3621837	CR	08	San José	855632	America/Costa_Rica	San Jose
3622226	CR	07	Puntarenas Province	77579	America/Costa_Rica	Provincia de Puntarenas
3623064	CR	06	Limón Province	100404	America/Costa_Rica	Limon Province|Provincia de Limón
3623484	CR	04	Heredia Province	125539	America/Costa_Rica	Provincia de Heredia
3623582	CR	03	Guanacaste Province	80999	America/Costa_Rica	Provincia de Guanacaste
3624368	CR	02	Cartago Province	112242	America/Costa_Rica	Provincia de Cartago
3624953	CR	01	Alajuela Province	106234	America/Costa_Rica	Provincia de Alajuela
3625035	VE	23	Zulia	3511800	America/Caracas	Estado Zulia
3625210	VE	22	Yaracuy	645138	America/Caracas	Estado Yaracuy
3625974	VE	21	Trujillo	578241	America/Caracas	Estado Trujillo
3626553	VE	20	Táchira	1030246	America/Caracas	Estado Táchira|Tachira
3626655	VE	19	Sucre	724562	America/Caracas	Estado Sucre
3629941	VE	18	Portuguesa	687628	America/Caracas	Estado Portuguesa
3631462	VE	17	Nueva Esparta	520745	America/Caracas	Estado Nueva Esparta|Margarita
3632100	VE	16	Monagas	831533	America/Caracas	Estado Maturín|Estado Monagas
3632191	VE	15	Miranda	2893986	America/Caracas	Estado Miranda
3632306	VE	14	Mérida	805827	America/Caracas	Estado Mérida|Merida
3636539	VE	13	Lara	1767347	America/Caracas	Barquisimeto|Estado Lara
3640017	VE	12	Guárico	737773	America/Caracas	Estado Guárico|Guarico
3640846	VE	24	Dependencias Federales	0		
3640847	VE	25	Distrito Federal	3000000	America/Caracas	
3640873	VE	11	Falcón	717161	America/Caracas	Coro|Estado Falcón|Falcon
3644541	VE	09	Delta Amacuro	99778	America/Caracas	Territorio Delta Amacuro
3645386	VE	08	Cojedes	313176	America/Caracas	Estado Cojedes
3646751	VE	07	Carabobo	2493712	America/Caracas	Estado Carabobo
3648106	VE	06	Bolívar	1752770	America/Caracas	Bolivar|Bolívar State|Estado Bolívar|Guayana
3648544	VE	05	Barinas	985047	America/Caracas	Estado Barinas
3649110	VE	04	Aragua	1525791	America/Caracas	Estado Aragua
3649151	VE	03	Apure	443464	America/Caracas	Estado Apure
3649198	VE	02	Anzoátegui	1910632	America/Caracas	Anzoategui|Estado Anzoátegui
3649302	VE	01	Amazonas	125840	America/Caracas	Estado Amazonas
3649953	EC	20	Zamora Chinchipe	15276	America/Guayaquil	Provincia de Zamora Chinchipe
3650445	EC	19	Tungurahua Province	403881	America/Guayaquil	Provincia de Tungurahua
3653224	EC	18	Pichincha	2862689	America/Guayaquil	
3653392	EC	17	Pastaza Province	24881	America/Guayaquil	Provincia de Pastaza
3653890	EC	23	Napo	17172	America/Guayaquil	
3654005	EC	15	Morona-Santiago Province	23687	America/Guayaquil	Morona Santiago|Provincia de Morona Santiago
3654451	EC	14	Manabí	754712	America/Guayaquil	Manabi
3654592	EC	13	Los Ríos	395174	America/Guayaquil	Los Rios|Provincia de Los Ríos
3654665	EC	12	Loja	309539	America/Guayaquil	
3655635	EC	11	Imbabura	270935	America/Guayaquil	
3657505	EC	10	Guayas	3746751	America/Guayaquil	
3657879	EC	01	Galápagos	0		Archipiélago de Galápagos|Galapagos
3657986	EC	09	Esmeraldas	281057	America/Guayaquil	
3658195	EC	08	El Oro	485190	America/Guayaquil	
3658766	EC	07	Cotopaxi	238242	America/Guayaquil	
3659237	EC	06	Chimborazo Province	264048	America/Guayaquil	Provincia de Chimborazo
3659718	EC	05	Carchi	86498	America/Guayaquil	
3659849	EC	04	Canar	71230	America/Guayaquil	Provincia de Cañar
3660130	EC	03	Bolívar	22199	America/Guayaquil	Bolivar
3660431	EC	02	Azuay	654118	America/Guayaquil	
3662560	BR	25	Roraima	550434	America/Boa_Vista	Estado de Roraima
3665361	BR	04	Amazonas	4083301	America/Eirunepe|America/Manaus|America/Santarem	Estado de Amazonas
3665474	BR	01	Acre	794527	America/Rio_Branco	Estado de Acre
3666082	CO	31	Vichada Department	44926	America/Bogota	Departamento del Vichada
3666254	CO	30	Vaupés	29850	America/Bogota	Vaupes
3666313	CO	29	Valle del Cauca Department	4346613	America/Bogota	Valle del Cauca
3666951	CO	28	Tolima Department	1023059	America/Bogota	Tolima
3667725	CO	27	Sucre Department	572290	America/Bogota	Sucre
3668578	CO	26	Santander Department	1575806	America/Bogota	Santander
3670205	CO	25	San Andres y Providencia	58257	America/Bogota	San Andrés y Providencia
3670698	CO	24	Risaralda Department	861910	America/Bogota	Risaralda
3671087	CO	23	Quindío Department	515462	America/Bogota	Departamento del Quindío|Quindio Department
3671178	CO	22	Putumayo Department	163999	America/Bogota	Putumayo
3673798	CO	21	Norte de Santander Department	1097757	America/Bogota	Norte de Santander
3674021	CO	20	Nariño	743264	America/Bogota	Narino|Nariño Department
3674810	CO	19	Meta Department	487789	America/Bogota	Departamento del Meta
3675686	CO	38	Magdalena Department	972220	America/Bogota	Magdalena
3678847	CO	17	La Guajira Department	535569	America/Bogota	La Guajira
3680692	CO	16	Huila Department	679943	America/Bogota	Huila
3681344	CO	14	Guaviare Department	52815	America/Bogota	Guaviare
3681652	CO	15	Guainía Department	0		Guainia Department|Guainía
3685413	CO	33	Cundinamarca	1940395	America/Bogota	
3685889	CO	12	Córdoba	1086718	America/Bogota	Cordoba
3686431	CO	11	Chocó	164798	America/Bogota	Choco
3686880	CO	10	Cesar Department	942649	America/Bogota	Cesar
3687029	CO	09	Cauca Department	768281	America/Bogota	Cauca
3687173	CO	32	Casanare Department	271984	America/Bogota	Casanare
3687479	CO	08	Caquetá	219886	America/Bogota	Caqueta
3687951	CO	37	Caldas Department	741503	America/Bogota	Caldas
3688536	CO	36	Boyacá	469376	America/Bogota	Boyaca
3688650	CO	35	Bolívar	1478462	America/Bogota	Bolivar
3688685	CO	34	Bogota D.C.	8654280	America/Bogota	Bogotá D.C.|Bogotá D.E.|Bogotá Distrito Especial|Distrito Capital|Distrito Capital de Bogotá|Distrito Capital de Santafé de Bogotá
3689436	CO	04	Atlántico	2173784	America/Bogota	Atlantico
3689717	CO	03	Arauca Department	114684	America/Bogota	Arauca
3689815	CO	02	Antioquia	4407094	America/Bogota	Antioquia department
3689982	CO	01	Amazonas Department	48144	America/Bogota	Departamento del Amazonas
3691099	PE	25	Ucayali	428902	America/Lima	Ucayali Department|Ukayali Jach’a Suyu|Ukayali Suyu|Ukayali jacha suyu
3691146	PE	24	Tumbes	113853	America/Lima	Departamento de Tumbes|Tumbes Department|Tumbes Jach’a Suyu|Tumbes Region|Tumpis Suyu|Tumpis jacha suyu
3692385	PE	22	San Martín Department	199779	America/Lima	Departamento de San Martín|Department of San Martín|San Martin Department|San Martin Jach’a Suyu|San Martin Suyu
3693525	PE	20	Piura	1358774	America/Lima	Departamento de Piura|Piura Department|Piura Jach’a Suyu|Piwra Suyu|Piwra jacha suyu
3695238	PE	16	Loreto	601613	America/Lima	Departamento de Loreto|Loreto Department|Luritu Jach’a Suyu|Luritu Suyu|Luritu jach'a suyu
3695753	PE	14	Lambayeque	842867	America/Lima	Departamento de Lambayeque|Lambayeque Department|Lambayeque Jach’a Suyu|Lampalliqi Suyu|Lampalliqi jacha suyu
3695781	PE	13	La Libertad	1345777	America/Lima	Departamento de La Libertad|La Libertad Department|La Libertad Jach’a Suyu|La Libertad jach'a suyu|Qispi kay Suyu
3696416	PE	10	Huánuco Department	272979	America/Lima	Departamento de Huánuco|Huanuco Department|Wanuku Jach’a Suyu|Wanuku Suyu
3699087	PE	06	Cajamarca Department	253822	America/Lima	Departamento de Cajamarca|Kashamarka Suyu|Qajamarka Jach’a Suyu
3699674	PE	02	Ancash	514638	America/Lima	Ankashu Jach’a Suyu|Ankashu jach'a suyu|Anqash Suyu|Departamento de Áncash|Áncash
3699699	PE	01	Amazonas	79453	America/Lima	Amarujawira jach'a suyu|Amarumayu Suyu|Amasunu Jach’a Suyu|Amazonas Department|Amazonas Region|Departamento de Amazonas
3700159	PA	10	Veraguas Province	45355	America/Panama	Provincia de Veraguas
3701537	PA	09	Guna Yala	0		
3703433	PA	08	Panamá	1216717	America/Panama	Panama
3704961	PA	07	Los Santos Province	0		Provincia de Los Santos
3708710	PA	06	Herrera Province	0		Provincia de Herrera
3711671	PA	05	Darién	0		Darien
3712073	PA	04	Colón	123184	America/Panama	Colon
3712162	PA	03	Coclé	16250	America/Panama	Cocle
3712410	PA	02	Chiriquí Province	118032	America/Panama	Chiriqui Province|Provincia de Chiriquí
3713954	PA	01	Bocas del Toro Province	17997	America/Panama	Provincia de Bocas del Toro
3716950	HT	13	Sud-Est	155025	America/Port-au-Prince	Depatman Sidès|Département du Sud-Est|Sidès
3716952	HT	12	Sud	125799	America/Port-au-Prince	Depatman Sid|Sid
3719432	HT	11	Ouest	3582063	America/Port-au-Prince	Lwès
3719536	HT	03	Nord-Ouest	340874	America/Port-au-Prince	Depatman Nòdwès|Département du Nord-Ouest|Nord-Ouest Department|Nòdwès
3719540	HT	10	Nord-Est	21328	America/Port-au-Prince	Nòdès
3719543	HT	09	Nord	205199	America/Port-au-Prince	Depatman Nò
3724613	HT	14	Grand'Anse	97503	America/Port-au-Prince	Depatman Grandans|Département de la Grand'Anse|Grandans
3728069	HT	07	Centre	18590	America/Port-au-Prince	Centre Department|Depatman Sant|Sant
3731053	HT	06	Artibonite	693040	America/Port-au-Prince	Latibonit
3830305	EC	22	Sucumbíos	24211	America/Guayaquil	Sucumbios
3830306	EC	24	Orellana Province	68457	America/Guayaquil	Provincia de Orellana
3830307	NI	17	North Caribbean Coast	49691	America/Managua	Costa Caribe Norte|North Caribbean Coast Autonomous Region|Región Autónoma de la Costa Caribe Norte
3830308	NI	18	South Caribbean Coast	117758	America/Managua	Costa Caribe Sur|Región Autónoma de la Costa Caribe Sur|South Caribbean Coast Autonomous Region
3830309	VE	26	Vargas	222469	America/Caracas	Estado La Guaira|La Guaira
3833578	AR	24	Tucuman	788916	America/Argentina/Tucuman	Provincia de Tucumán|Tucumán|Tucumán Province|Tukumã Retãmini
3834450	AR	23	Tierra del Fuego	109506	America/Argentina/Ushuaia	Provinz Tierra del Fuego|Terre de Feu|Tierra del Fuego Province|provincia di Terra del Fuoco
3835868	AR	22	Santiago del Estero	300291	America/Argentina/Cordoba	Provincia de Santiago del Estero|Santiago del Estero Province
3836276	AR	21	Santa Fe	2216491	America/Argentina/Buenos_Aires|America/Argentina/Cordoba	Provincia de Santa Fe|Santa Fe Province
3836350	AR	20	Santa Cruz	241619	America/Argentina/Rio_Gallegos	Provincia de Santa Cruz|Santa Cruz Province|Tetãvore Santa Cruz
3837029	AR	19	San Luis	266728	America/Argentina/San_Luis	Provincia de San Luis|San Luis Province
3837152	AR	18	San Juan	518624	America/Argentina/San_Juan	Provincia de San Juan|San Juan Province
3838231	AR	17	Salta	1016902	America/Argentina/Salta	Provincia de Salta|Salta Province
3838830	AR	16	Rio Negro	467939	America/Argentina/Salta	Provincia de Río Negro|Río Negro|Río Negro Province|Río Negro Tetãmini
3843122	AR	15	Neuquen	434023	America/Argentina/Salta	Neuquén|Neuquén Province|Provincia del Neuquén|Tetãvore Neuquén
3844419	AR	13	Mendoza	695484	America/Argentina/Mendoza	Mendoza Province|Provincia de Mendoza
3848949	AR	12	La Rioja	237745	America/Argentina/La_Rioja	La Rioja Province|La Rioja Tetãmini|Provincia de La Rioja
3849574	AR	11	La Pampa	201917	America/Argentina/Salta	La Pampa Province|Provincia de La Pampa
3853404	AR	10	Jujuy	413866	America/Argentina/Jujuy	Jujuy Province|Provincia de Jujuy
3860255	AR	05	Cordoba	3066012	America/Argentina/Cordoba	Cordoba Province|Córdoba|Provincia de Córdoba|Provinz Córdoba
3861244	AR	04	Chubut	358141	America/Argentina/Catamarca	Chubut Province|Provincia del Chubut|Provinz Chubut
3861887	AR	03	Chaco	717506	America/Argentina/Cordoba	Chaco Province|Provincia del Chaco
3862286	AR	02	Catamarca	222828	America/Argentina/Catamarca	Catamarca Province|Provincia de Catamarca|Provinz Catamarca
3867442	PY	24	Boquerón Department	36387	America/Asuncion	Boqueron Department
3868621	CL	01	Valparaiso	1554502	America/Santiago	Región de Valparaíso|Valparaíso
3870116	CL	15	Tarapacá	358551	America/Santiago	Región de Tarapacá|Tarapaca
3873544	CL	12	Santiago Metropolitan	8051475	America/Santiago	Metropolitana|Región Metropolitana de Santiago de Chile
3880306	CL	11	Maule Region	659828	America/Santiago	Maule|Región del Maule|VII Región del Maule
3881974	CL	14	Los Lagos Region	624076	America/Santiago	Los Lagos|Región de Los Lagos
3883281	CL	08	O'Higgins Region	451646	America/Santiago	Libertador General Bernardo O'Higgins Region|O'Higgins|Región del Libertador General Bernardo O'Higgins
3893623	CL	07	Coquimbo Region	461838	America/Santiago	Coquimbo|Región de Coquimbo
3898380	CL	06	Biobio	1435304	America/Santiago	Biobío|Región del Biobío
3899191	CL	05	Atacama	190325	America/Santiago	Región de Atacama
3899463	CL	04	Araucania	748311	America/Santiago	Araucanía|Región de la Araucanía
3899537	CL	03	Antofagasta	592830	America/Santiago	Región de Antofagasta
3900333	CL	02	Aysén	62723	America/Coyhaique	Aysen|Región Aysén del General Carlos Ibáñez del Campo
3903319	BO	09	Tarija Department	317283	America/La_Paz	Departamento de Tarija|Tarija|Tarija suyu|Tarixa jach'a suyu
3904907	BO	08	Santa Cruz Department	2064509	America/La_Paz	Departamento de Santa Cruz|Santa Cruz|Santa Krus jach'a suyu|Santa Krus suyu
3907580	BO	07	Potosí Department	221806	America/La_Paz	Departamento de Potosí|P'utuqsi suyu|Potosi Department|Potosí|Putusi jach'a suyu
3908600	BO	06	Pando	26585	America/La_Paz	Departamento de Pando
3909233	BO	05	Oruro	224176	America/La_Paz	Departamento de Oruro|Oruro Department|Uru Uru suyu|Ururu jach'a suyu
3911924	BO	04	La Paz Department	2174223	America/La_Paz	Chuqiyapu jach'a suyu|Chuqiyapu suyu|Departamento de La Paz|La Paz
3919966	BO	02	Cochabamba	1461228	America/La_Paz	Departamento de Cochabamba
3920177	BO	01	Chuquisaca Department	224838	America/La_Paz	Chuqichaka suyu|Chuqisaka jach'a suyu|Chuquisaca|Departamento de Chuquisaca
3923172	BO	03	Beni Department	243947	America/La_Paz	Beni suyu|Departamento del Beni|El Beni|Wini jach'a suyu
3924825	BR	24	Rondônia	1551818	America/Porto_Velho	Estado de Rondonia|Rondonia
3928127	PE	23	Tacna	286240	America/Lima	Departamento de Tacna|Tacna Department|Takna Jach’a Suyu|Taqna Suyu|Taqna jacha suyu
3931275	PE	21	Puno	509287	America/Lima	Puno Department|Puno Jach’a Suyu|Punu Suyu|Punu jacha suyu
3932834	PE	19	Pasco	111670	America/Lima	Departamento de Pasco|Pasco Department|Pasco Region|Pasqu Jach’a Suyu|Pasqu Suyu|Pasqu jach'a suyu
3934607	PE	18	Moquegua Department	138991	America/Lima	Departamento de Moquegua|Moqwegwa jach'a suyu|Muqiwa suyu
3935619	PE	17	Madre de Dios	123990	America/Lima	Departamento de Madre de Dios|Madre de Dios Department|Madre de Dios Jach’a Suyu|Madre de Dios Region|Mayutata Suyu
3936451	PE	LMA	Lima Province	7737002	America/Lima	Lima|Lima jisk'a suyu|Lima pruwinsya|Provincia de Lima
3936452	PE	15	Lima region	1504703	America/Lima	Departamento de Lima|Lima Department|Lima Jach’a Suyu|Lima Suyu|Lima jach'a suyu
3937485	PE	12	Junin	700544	America/Lima	Departamento de Junín|Hunin Suyu|Hunin jach'a suyu|Junin Jach’a Suyu|Junín Department|Junín Region|Sunin suyu
3938526	PE	11	Ica	552201	America/Lima	Departamento de Ica|Ica Department|Ika Jach’a Suyu|Ika Suyu|Ika jach'a suyu
3939467	PE	09	Huancavelica	49570	America/Lima	Departamento de Huancavelica|Huancavelica Department|Wankawelika Jach’a Suyu|Wankawillka Suyu|Wankawillka jacha suyu
3941583	PE	08	Cuzco Department	659546	America/Lima	Cusco Departament|Cusco Region|Departamento de Cusco|Kusku Jach’a Suyu|Qusqu Suyu
3946080	PE	07	Callao	1268063	America/Lima	Kallao Jach’a Suyu|Qallaw Suyu
3947018	PE	05	Ayacucho	158660	America/Lima	Ayacucho Department|Ayakuchu Suyu|Ayaquchu Jach’a Suyu|Ayaquchu jach'a suyu|Departamento de Ayacucho
3947319	PE	04	Arequipa	1503695	America/Lima	Arikipa Jach’a Suyu|Ariqipa Suyu|Ariqipa jacha suyu|Departamento de Arequipa
3947421	PE	03	Apurímac Department	89721	America/Lima	Apurimac Department|Apurimaq Jach’a Suyu|Apurimaq Suyu|Apurímac
3979840	MX	32	Zacatecas	645401	America/Mexico_City	Estado de Zacatecas
3982846	MX	26	Sonora	2215048	America/Hermosillo	Estado de Sonora
3983035	MX	25	Sinaloa	1782057	America/Mazatlan	Estado de Sinaloa
3985605	MX	24	San Luis Potosí	1439416	America/Mexico_City|America/Monterrey	Estado de San Luis Potosí|San Luis Potosi
3995012	MX	18	Nayarit	527325	America/Bahia_Banderas|America/Mazatlan	Estado de Nayarit
3995955	MX	16	Michoacán	2442305	America/Mexico_City	Estado de Michoacán de Ocampo|Michoacan|Michoacán de Ocampo
4004156	MX	14	Jalisco	5793869	America/Mexico_City	Estado de Jalisco
4005267	MX	11	Guanajuato	3764818	America/Mexico_City	Estado de Guanajuato
4011741	MX	10	Durango	957943	America/Monterrey	Estado de Durango
4013513	MX	08	Colima	526030	America/Mexico_City	Estado de Colima
4013674	MX	07	Coahuila	2597276	America/Matamoros|America/Monterrey	Coahuila de Zaragoza|Estado de Coahuila de Zaragoza
4014336	MX	06	Chihuahua	3097077	America/Chihuahua|America/Ciudad_Juarez|America/Ojinaga	Estado de Chihuahua
4017698	MX	03	Baja California Sur	678087	America/Mazatlan	Estado de Baja California Sur
4017700	MX	02	Baja California	3797218	America/Tijuana	Estado Libre y Soberano de Baja California|Estado de Baja California|Free and Sovereign State of Baja California
4019231	MX	01	Aguascalientes	857749	America/Mexico_City	Estado de Aguascalientes
4019991	PF	04	Marquesas Islands	0		Subdivision Administrative des Îles Marquises|Îles Marquises
4030621	PF	03	Tuamotu-Gambier Islands	0		Archipel des Tuamotu-Gambier|Archipels des Tuamotu et des Gambier|Subdivision Administrative des Îles Tuamotu-Gambier|Tuamotu-Gambier|Îles Tuamotu-Gambier
4030940	KI	02	Line Islands	0		
4031091	TK	N	Nukunonu	0		
4031112	TK	F	Fakaofo	0		
4031116	TK	A	Atafu	0		
4032231	TO	03	Vavau	0		
4032279	TO	02	Tongatapu	22400	Pacific/Tongatapu	
4032637	TO	01	Haapai	0		
4033013	NZ	10	Chatham Islands	0		Wharekauri
4034364	PF	02	Leeward Islands	0		
4034365	PF	01	Îles du Vent	81958	Pacific/Tahiti	Iles du Vent
4034366	PF	05	Austral Islands	0		Îles Australes or Archipel des Australes
4034759	WF	98613	Uvea	1200	Pacific/Wallis	
4034776	WF	98612	Sigave	0		Circonscription de Sigave
4034884	WF	98611	Alo	0		
4034910	WS	11	Vaisigano	0		
4034943	WS	06	Va'a-o-Fonoti	0		
4034977	WS	10	Tuamasaga	40407	Pacific/Apia	
4035046	WS	09	Satupa'itea	0		
4035154	WS	08	Palauli	0		
4035313	WS	07	Gaga'ifomauga	0		
4035314	WS	05	Gaga'emauga	0		
4035383	WS	04	Fa'asaleleaga	0		
4035402	WS	03	Atua	0		
4035425	WS	02	Aiga-i-le-Tai	0		
4035434	WS	01	A'ana	0		
4036647	FJ	02	Eastern	0		Eastern Division
4036650	CL	10	Region of Magallanes	135935	America/Punta_Arenas	Magallanes|Región de Magallanes y de la Antártica Chilena
4037645	PW	02	Airai	0		
4037653	PW	03	Angaur	0		
4037892	PW	06	Koror	0		
4037930	PW	07	Melekeok	0	Pacific/Palau	
4037962	PW	08	Ngaraard	0		
4037976	PW	12	Ngchesar	0		
4038037	PW	09	Ngarchelong	0		
4038043	PW	10	Ngardmau	0		
4038068	PW	13	Ngeremlengui	0		
4038179	PW	14	Ngiwal	0		
4038261	PW	15	Peleliu	0		
4038478	GU	PI	Piti	0		
4038555	GU	SR	Santa Rita	0		
4038590	GU	SJ	Sinajana	0		Sinahånña
4038652	GU	TF	Talofofo	0		Talo'fo'fo
4038661	GU	TM	Tamuning	39370	Pacific/Guam	Tamuneng
4038739	GU	UM	Umatac	0		Humåtak
4038796	GU	YG	Yigo	20539	Pacific/Guam	Yigu
4038811	GU	YN	Yona	0		Yo’ ña
4041530	MP	100	Rota	0		Luta
4041552	MP	110	Saipan	48220	Pacific/Saipan	
4041650	MP	120	Tinian	0		
4041685	UM	450	Wake Island	0		
4043396	GU	ME	Merizo	0		
4043416	GU	MA	Mangilao	15191	Pacific/Guam	
4043524	GU	AH	Agana Heights	0		
4043614	GU	CP	Chalan Pago-Ordot	0		
4043691	GU	AS	Asan	0		Assan-Ma'Ina
4043725	GU	AT	Agat	0		Hågat
4043877	GU	DD	Dededo	44943	Pacific/Guam	Dededu
4043885	GU	BA	Barrigada	0		
4044019	GU	AN	Hagatna	1051	Pacific/Guam	
4044041	GU	IN	Inarajan	0		Inalåhan
4044148	GU	MT	Mongmong-Toto-Maite	0		
4099753	US	AR	Arkansas	1223985	America/Chicago	State of Arkansas
4138106	US	DC	District of Columbia	1166711	America/New_York	District de Columbia|Distrito de Columbia|Washington D.C.
4142224	US	DE	Delaware	183861	America/New_York	Kelawea|State of Delaware
4155751	US	FL	Florida	13283333	America/Chicago|America/New_York	Floride|Pololika|State of Florida
4197000	US	GA	Georgia	3456593	America/New_York	Estado de Georgia|Géorgie|Keokia|State of Georgia
4273857	US	KS	Kansas	1691158	America/Chicago	Estado de Kansas|Kanekaka|State of Kansas
4331987	US	LA	Louisiana	1946878	America/Chicago	Estado de Louisiana|Louisiane|Luikiana|Luisiana|State of Louisiana|la Luisiana
4361885	US	MD	Maryland	3949614	America/New_York	Melelana|State of Maryland
4398678	US	MO	Missouri	2829951	America/Chicago	Estado de Missouri|Mikouli|Misuri|State of Missouri
4436296	US	MS	Mississippi	987346	America/Chicago	Estado de Mississippi|Mikikipi|Misisipi|State of Mississippi
4482348	US	NC	North Carolina	4897482	America/New_York	Carolina del Norte|Caroline du Nord|Estado de Carolina del Norte|State of North Carolina
4544379	US	OK	Oklahoma	2264143	America/Chicago	Estado de Oklahoma|State of Oklahoma
4562487	PR	001	Adjuntas	0		
4562503	PR	003	Aguada	0		
4562512	PR	005	Aguadilla	16073	America/Puerto_Rico	
4562516	PR	007	Aguas Buenas	0		
4562531	PR	009	Aibonito	0		
4562605	PR	011	Añasco	0		Anasco
4562640	PR	013	Arecibo	87754	America/Puerto_Rico	
4562682	PR	015	Arroyo	0		
4562771	PR	017	Barceloneta	22322	America/Puerto_Rico	
4562779	PR	019	Barranquitas	0		
4562837	PR	021	Bayamón	203499	America/Puerto_Rico	Bayamon
4562997	PR	023	Cabo Rojo	0		
4563011	PR	025	Caguas	86804	America/Puerto_Rico	
4563065	PR	027	Camuy	0		
4563169	PR	029	Canóvanas	0		Canovanas
4563244	PR	031	Carolina	170404	America/Puerto_Rico	
4563299	PR	033	Cataño	28093	America/Puerto_Rico	Catano
4563309	PR	035	Cayey	18494	America/Puerto_Rico	
4563380	PR	037	Ceiba	0		
4563774	PR	039	Ciales	0		
4563778	PR	041	Cidra	0		
4563812	PR	043	Coamo	0		
4563921	PR	045	Comerío	0		Comerio
4564004	PR	047	Corozal	0		
4564071	PR	049	Culebra	0		
4564134	PR	051	Dorado	0		
4564949	PR	053	Fajardo	32124	America/Puerto_Rico	
4564993	PR	054	Florida	0		
4565091	PR	055	Guánica	0		Guanica
4565107	PR	057	Guayama	21575	America/Puerto_Rico	
4565112	PR	059	Guayanilla	0		
4565120	PR	061	Guaynabo	81360	America/Puerto_Rico	
4565126	PR	063	Gurabo	0		
4565348	PR	065	Hatillo	0		
4565381	PR	067	Hormigueros	0		
4565449	PR	069	Humacao	20387	America/Puerto_Rico	
4565581	PR	071	Isabela	0		
4565684	PR	073	Jayuya	0		
4565713	PR	075	Juana Díaz	0		Juana Diaz
4565720	PR	077	Juncos	0		
4565900	PR	079	Lajas	0		
4565910	PR	081	Lares	0		
4565961	PR	083	Las Marías	0		Las Marias
4565981	PR	085	Las Piedras	0		
4566025	PR	087	Loíza	0		Loiza
4566106	PR	089	Luquillo	0		
4566138	PR	091	Manatí	16092	America/Puerto_Rico	Manati
4566180	PR	093	Maricao	0		
4566209	PR	095	Maunabo	0		
4566217	PR	097	Mayagüez	73077	America/Puerto_Rico	Mayagueez
4566272	PR	099	Moca	0		
4566334	PR	101	Morovis	0		
4566397	PR	103	Naguabo	0		
4566403	PR	105	Naranjito	0		
4566456	PR	107	Orocovis	0		
4566654	PR	109	Patillas	0		
4566689	PR	111	Peñuelas	0		Penuelas
4566886	PR	113	Ponce	137491	America/Puerto_Rico	
4567727	PR	117	Rincón	0		Rincon
4567734	PR	115	Quebradillas	0		
4567823	PR	119	Río Grande	0		Rio Grande
4568015	PR	121	Sabana Grande	0		
4568043	PR	123	Salinas	0		
4568105	PR	125	San Germán	0		San German
4568138	PR	127	San Juan	418140	America/Puerto_Rico	
4568150	PR	129	San Lorenzo	0		
4568177	PR	131	San Sebastián	0		San Sebastian
4568213	PR	133	Santa Isabel	0		
4568404	PR	135	Toa Alta	0		
4568408	PR	137	Toa Baja	47416	America/Puerto_Rico	
4568452	PR	139	Trujillo Alto	75243	America/Puerto_Rico	
4568491	PR	141	Utuado	0		
4568529	PR	143	Vega Alta	0		
4568534	PR	145	Vega Baja	29325	America/Puerto_Rico	
4568684	PR	149	Villalba	0		
4568909	PR	151	Yabucoa	0		
4568918	PR	153	Yauco	20295	America/Puerto_Rico	
4568924	PR	147	Vieques	0		Vieques Municipality|Vieques Municipio
4597040	US	SC	South Carolina	1336020	America/New_York	Carolina del Sur|Caroline du Sud|Estado de Carolina del Sur|Kalolaina Hema|State of South Carolina
4662168	US	TN	Tennessee	4125342	America/Chicago|America/New_York	Estado de Tennessee|Kenekī|State of Tennessee
4736286	US	TX	Texas	18861691	America/Chicago|America/Denver	Estado de Texas|Kekeka|State of Texas|Tejas
4743755	UM	350	Navassa Island	0		
4826850	US	WV	West Virginia	293089	America/New_York	State of West Virginia|Virginia Occidental|Virginie-Occidentale|Wilikinia Komohana
4829764	US	AL	Alabama	2019109	America/Chicago|America/New_York	State of Alabama
4831725	US	CT	Connecticut	2807173	America/New_York	Konekikuka|State of Connecticut
4862182	US	IA	Iowa	1457230	America/Chicago	State of Iowa
4896861	US	IL	Illinois	10638254	America/Chicago	Estado de Illinois|State of Illinois
4921868	US	IN	Indiana	3437217	America/Chicago|America/Indiana/Indianapolis|America/Indiana/Vincennes|America/Kentucky/Louisville	Estado de Indiana|State of Indiana
4971068	US	ME	Maine	365066	America/New_York	State of Maine
5001836	US	MI	Michigan	4344725	America/Detroit	Mikikana|Míchigan|State of Michigan
5037779	US	MN	Minnesota	3311457	America/Chicago	Estado de Minnesota|Minekoka|State of Minnesota
5073708	US	NE	Nebraska	1079965	America/Chicago	Estado de Nebraska|Nepalaka|State of Nebraska
5090174	US	NH	New Hampshire	540737	America/New_York	Nueva Hampshire|Nuevo Hampshire|Nū Hamekia|State of New Hampshire
5101760	US	NJ	New Jersey	5114623	America/New_York	Nueva Jersey|State of New Jersey
5128638	US	NY	New York	27680366	America/New_York	Estado de Nueva York|New York State|Nueva York|Nuioka|State of New York
5165418	US	OH	Ohio	5718753	America/New_York	State of Ohio
5224323	US	RI	Rhode Island	932048	America/New_York	Estado de Rhode Island|State of Rhode Island and Providence Plantations
5242283	US	VT	Vermont	94053	America/New_York	State of Vermont|Welemoneka
5279468	US	WI	Wisconsin	2743148	America/Chicago	Estado de Wisconsin|State of Wisconsin|Wikonekina
5332921	US	CA	California	36112830	America/Los_Angeles	Alta California|California Republic|Californie|Golden State|Kaleponi|State of California
5417618	US	CO	Colorado	3919946	America/Denver	Estado de Colorado|Kololako|State of Colorado
5481136	US	NM	New Mexico	1253262	America/Denver	Nouveau-Mexique|Nuevo Méjico|Nuevo México|Nū Mekiko|State of New Mexico
5509151	US	NV	Nevada	2514886	America/Los_Angeles	Estado de Nevada|Newaka|State of Nevada
5549030	US	UT	Utah	2427634	America/Denver	Estado de Utah|State of Utah|Uka
5551752	US	AZ	Arizona	6541994	America/Phoenix	State of Arizona
5596512	US	ID	Idaho	917403	America/Boise|America/Los_Angeles	Estado de Idaho|State of Idaho
5667009	US	MT	Montana	379514	America/Denver	Monekana|State of Montana
5690763	US	ND	North Dakota	421219	America/Chicago|America/Denver|America/North_Dakota/New_Salem	Dakota del Norte|Dakota du Nord|State of North Dakota
5744337	US	OR	Oregon	2495886	America/Los_Angeles	Oregón|State of Oregon
5769223	US	SD	South Dakota	334614	America/Chicago|America/Denver	Dakota del Sur|Dakota du Sud|Kakoka Hema|State of South Dakota
5815135	US	WA	Washington	5009039	America/Los_Angeles	Estado de Washington|State of Washington|Wakinekona|Washington State
5843591	US	WY	Wyoming	232059	America/Denver	State of Wyoming|Waiomina
5854907	UM	050	Baker Island	0		
5854922	UM	100	Howland Island	0		
5854926	UM	150	Jarvis Island	0		Bunker Island|Bunker's Shoal
5854929	UM	200	Johnston Atoll	0		
5854936	UM	250	Kingman Reef	0		
5854943	UM	300	Midway Islands	0		
5854952	UM	400	Palmyra Atoll	0		
5855797	US	HI	Hawaii	1569453	Pacific/Honolulu	Hawai|Hawaï|Hawái|State of Hawaii
5879092	US	AK	Alaska	397755	America/Anchorage|America/Juneau	Estado de Alaska|State of Alaska
5880873	AS	050	Western District	0		
5881199	AS	040	Swains Island	0		
5881219	AS	010	Eastern District	11500	Pacific/Pago_Pago	
5881436	AS	020	Manu'a	0		
5883102	CA	01	Alberta	3477672	America/Edmonton	
5909050	CA	02	British Columbia	6382398	America/Dawson_Creek|America/Edmonton|America/Vancouver	Colombie-Britannique
6065171	CA	03	Manitoba	907470	America/Winnipeg	
6087430	CA	04	New Brunswick	381536	America/Moncton	Nouveau-Brunswick
6091069	CA	13	Northwest Territories	20340	America/Edmonton	Territoires du Nord-Ouest
6091530	CA	07	Nova Scotia	927962	America/Glace_Bay|America/Halifax	Nouvelle-Écosse
6091732	CA	14	Nunavut	0		
6093943	CA	08	Ontario	15619100	America/Toronto|America/Winnipeg	
6113358	CA	09	Prince Edward Island	38809	America/Halifax	Île-du-Prince-Édouard
6115047	CA	10	Quebec	9159650	America/Toronto	
6141242	CA	11	Saskatchewan	999414	America/Regina|America/Swift_Current	
6185811	CA	12	Yukon	28201	America/Whitehorse	Yukon Territory
6201192	TN	39	Manouba	305472	Africa/Tunis	Manouba Governorate
6201193	YE	18	Aḑ Ḑāli‘	0		Ad Dali'|Dhale Governorate
6201194	YE	19	Omran	90792	Asia/Aden	'Amran Governorate
6201195	YE	22	Ḩajjah	43549	Asia/Aden	Hajjah|Hajjah Governorate
6201196	YE	23	Ibb Governorate	842561	Asia/Aden	
6201197	YE	24	Laḩij	23375	Asia/Aden	Lahij|Lahij Governorate
6201370	LB	10	Akkar	0		
6201371	LB	11	Baalbek-Hermel Governorate	133166	Asia/Beirut	Baalback-Hermel
6201372	DO	36	San José de Ocoa	21148	America/Santo_Domingo	San Jose de Ocoa
6201373	DO	37	Santo Domingo Province	1447569	America/Santo_Domingo	Provincia Santo Domingo
6201374	IR	41	South Khorasan Province	301892	Asia/Tehran	Xorasana Başûr
6201375	IR	42	Razavi Khorasan	3829204	Asia/Tehran	Razavi Khorasan Province|Xorasana Rezewî
6201376	IR	43	North Khorasan	379005	Asia/Tehran	Xorasana Bakur
6254925	US	KY	Kentucky	2388529	America/Chicago|America/Kentucky/Louisville|America/New_York	Commonwealth of Kentucky|Kenekuke
6254926	US	MA	Massachusetts	6241548	America/New_York	Commonwealth of Massachusetts|Makakukeka
6254927	US	PA	Pennsylvania	4671015	America/New_York	Commonwealth of Pennsylvania|Penekelewinia|Pennsylvanie|Pensilvania
6254928	US	VA	Virginia	4482194	America/New_York	Commonwealth of Virginia|Virginie|Wilikinia
6268943	SO	21	Awdal	785144	Africa/Mogadishu	Awadal Region|Gobolka Awdal
6268947	SO	22	Sool	60100	Africa/Mogadishu	Gobolka Sool|Sool Region
6269131	GB	ENG	England	51435491	Europe/London	Lloegr|Sasainn
6324593	FJ	04	Rotuma	0		
6354959	CA	05	Newfoundland and Labrador	202443	America/St_Johns	Terre-Neuve-et-Labrador
6362988	ES	ML	Melilla	85985	Africa/Ceuta	Ciudad Autónoma de Melilla|Ciudad de Melilla
6413337	RW	11	Eastern Province	275781	Africa/Kigali	East|Est|Iburasirazuba|Intara y’ Iburasirazuba|Mkoa wa Mashariki|Province de l'Est
6413338	RW	12	Kigali	1174450	Africa/Kigali	City of Kigali|Kigali City|Umujyi wa Kigali|Ville de Kigali
6413339	RW	13	Northern Province	284205	Africa/Kigali	Intara y’ Amajyaruguru|Mkoa wa Kaskazini|Nord|North|Province du Nord
6413340	RW	14	Western Province	799211	Africa/Kigali	Iburengerazuba|Intara y’ Iburengerazuba|Mkoa wa Magharibi|Ouest|Province de l'Ouest|West
6413341	RW	15	Southern Province	376543	Africa/Kigali	Intara y’ Amajyepfo|Mkoa wa Kusini|Province du Sud|South|Sud
6417213	GG	6417213	St Pierre du Bois	0		Saint Pierre du Bois|St. Pierre du Bois
6417214	GG	6417214	Torteval	0		
6417215	GG	6417215	Saint Saviour	0		St. Saviour
6417223	GG	6417223	Forest	0		
6417224	GG	6417224	St Martin	0		Saint Martin|St. Martin
6417226	GG	6417226	Saint Andrew	0		St Andrew|St. Andrew
6417228	GG	6417228	St Peter Port	16488	Europe/Guernsey	Saint Peter Port|St. Peter Port
6417229	GG	6417229	Castel	0		
6417230	GG	6417230	Vale	0		
6417233	GG	6417233	St Sampson	0		Saint Sampson|St. Sampson
6418538	DK	17	Capital Region	2021510	Europe/Copenhagen	Hauptstadtregion|Hovedstaden|Region Hovedstaden
6418539	DK	18	Central Jutland	697434	Europe/Copenhagen	Central Denmark Region|Midtjylland|Region Central Jutland|Region Midtjylland|Region Mitteljütland|Región Miðjútland
6418540	DK	19	North Denmark	216084	Europe/Copenhagen	Nordjylland|North Denmark Region|North Jutland Region|Region Nordjylland|Region Nordjütland|Región Norðurjútland
6418541	DK	20	Zealand	391647	Europe/Copenhagen	Region Seeland|Region Sjælland|Region Zealand|Región Sæland|Sjælland
6418542	DK	21	South Denmark	558997	Europe/Copenhagen	Region South Denmark|Region Syddanmark|Region Süddänemark|Region of Southern Denmark|Región Suðurdanmark
6452615	TJ	RR	Republican Subordination	106671	Asia/Dushanbe	Region of Republican Subordination
6612108	NZ	F5	Nelson Region	74660	Pacific/Auckland	Whakatū
6612109	NZ	F7	Otago	132800	Pacific/Auckland	Ōtākou
6612113	NZ	G3	West Coast	0		Te Tai-poutini
6643410	GE	02	Abkhazia	92075	Asia/Tbilisi|Europe/Moscow	Abkhazskaya Avtonomnaya Sovetskaya Sotsialisticheskaya Respublika|Abxaziya|Ap'khazet'i|Apkhazetis ASSR|Apkhazetis Avtonomiuri Sabchota Sotsialisturi Respublika
6690283	RE	RE	Reunion	804329	Indian/Reunion	Réunion
6690363	GP	GP	Guadeloupe	250260	America/Guadeloupe	
6690603	MQ	MQ	Martinique	243860	America/Martinique	
6690605	GF	GF	Guyane	155245	America/Cayenne	
6690916	TF	05	Îles Éparses	0		Iles Eparses|Îles Éparses or Îles éparses de l'océan indien
6690917	TF	04	Terre-Adélie	0		Terre-Adelie
6692632	GR	ESYE31	Attica	3390616	Europe/Athens	Attique
6693562	CL	16	Arica y Parinacota Region	241653	America/Santiago	Arica y Parinacota|Región de Arica y Parinacota
6693563	CL	17	Los Ríos Region	272696	America/Santiago	Los Rios Region|Los Ríos|Región de Los Ríos
6697800	GR	ESYE24	Central Greece	165033	Europe/Athens	Grèce-Centrale
6697801	GR	ESYE12	Central Macedonia	1105847	Europe/Athens	Macédoine-Centrale
6697802	GR	ESYE43	Crete	223532	Europe/Athens	Crète
6697803	GR	ESYE11	East Macedonia and Thrace	261902	Europe/Athens	Macédoine-Orientale-et-Thrace
6697804	GR	ESYE21	Epirus	104752	Europe/Athens	Épire
6697805	GR	ESYE22	Ionian Islands	40047	Europe/Athens	Îles Ioniennes
6697806	GR	ESYE41	North Aegean	52275	Europe/Athens	Égée-Septentrionale
6697807	GR	ESYE25	Peloponnese	149285	Europe/Athens	Péloponnèse
6697808	GR	ESYE42	South Aegean	75372	Europe/Athens	Égée-Méridionale
6697809	GR	ESYE14	Thessaly	359300	Europe/Athens	Thessalie
6697810	GR	ESYE23	West Greece	274517	Europe/Athens	Grèce-Occidentale
6697811	GR	ESYE13	West Macedonia	84212	Europe/Athens	Macédoine-Occidentale
6930057	SH	02	Saint Helena	637	Atlantic/St_Helena	St. Helena
6930701	BF	01	Boucle du Mouhoun	250038	Africa/Ouagadougou	Boucle du Mouhoun Region
6930703	BF	02	Cascades Region	150744	Africa/Ouagadougou	Cascades
6930704	BF	03	Centre	2683916	Africa/Ouagadougou	Centre Region
6930705	BF	04	Centre-Est	342826	Africa/Ouagadougou	Centre-Est Region
6930706	BF	05	Centre-Nord	312931	Africa/Ouagadougou	Centre-Nord Region
6930707	BF	06	Centre-Ouest	388592	Africa/Ouagadougou	Centre-Ouest Region
6930708	BF	07	Centre-Sud	100647	Africa/Ouagadougou	Centre-Sud Region
6930709	BF	08	Est	188481	Africa/Ouagadougou	Est Region
6930710	BF	09	Hauts-Bassins	1040967	Africa/Ouagadougou	Hauts-Bassins Region
6930711	BF	10	Nord	251648	Africa/Ouagadougou	Nord Region|région Nord
6930712	BF	11	Plateau-Central	145954	Africa/Ouagadougou	Plateau-Central Region
6930713	BF	12	Sahel	153792	Africa/Ouagadougou	Sahel Region
6930714	BF	13	Sud-Ouest	114891	Africa/Ouagadougou	Sud-Ouest Region
6940571	YE	26	Amanat Alasimah	1937451	Asia/Aden	
6957553	AF	41	Daykundi	30058	Asia/Kabul	Daykundi Province
6957555	AF	42	Panjshir	65000	Asia/Kabul	Panjsher viloyati|Panjshir Province
7056271	MK	F5	Debarca	0		Debarca Municipality|Komuna e Debarcës|Opština Debarca
7062136	EC	26	Santo Domingo de los Tsáchilas	458580	America/Guayaquil	Santo Domingo de los Tsachilas
7062138	EC	25	Santa Elena	86076	America/Guayaquil	Provincia de Santa Elena
7090954	BH	16	Manama	286263	Asia/Bahrain	
7090972	BH	17	Southern Governorate	219051	Asia/Bahrain	
7090974	BH	19	Northern	133550	Asia/Bahrain	
7110710	OM	10	Al Buraimi	73670	Asia/Muscat	Al Buraimi Governorate
7115989	PH	14	Autonomous Region in Muslim Mindanao	2688337	Asia/Manila	Agwaywayas a Rehion iti Muslim a Mindanao|Autonomo nga Rehiyon ha Muslim Mindanao|Awtonomong Rehiyon sa Muslim Mindanao|Mindanawng Muslim|Rehiyong Autonomo sa Muslim na Mindanao
7115999	HT	15	Nippes	89202	America/Port-au-Prince	Nip
7267902	VI	010	Saint Croix Island	50601	America/St_Thomas	
7267903	VI	020	Saint John Island	0		
7267904	VI	030	Saint Thomas Island	20000	America/St_Thomas	
7280288	TW	01	Fukien	68333	Asia/Taipei	
7280289	TW	02	Takao	3094123	Asia/Taipei	Kô-hiùng-sṳ
7280290	TW	03	Taipei	5356079	Asia/Taipei	Thòi-pet-sṳ
7280291	TW	04	Taiwan	17876164	Asia/Taipei	
7280292	SB	12	Choiseul Province	0		
7280293	SB	13	Rennell and Bellona Province	0		
7280295	CG	15	Pointe-Noire	1055204	Africa/Brazzaville	Ndindi|Pointe-Noire Department
7280679	TJ	04	Dushanbe	703096	Asia/Dushanbe	
7303491	MH	007	Ailinginae Atoll	0		
7303492	MH	010	Ailinglaplap Atoll	0		
7303493	MH	030	Ailuk Atoll	0		
7303494	MH	040	Arno Atoll	0		
7303495	MH	050	Aur Atoll	0		
7303496	MH	060	Bikar Atoll	0		Pikaar
7303497	MH	070	Bikini Atoll	0		
7303498	MH	080	Ebon Atoll	0		
7303499	MH	090	Enewetak Atoll	0		
7303500	MH	100	Erikub Atoll	0		
7303501	MH	120	Jaluit Atoll	0		
7303502	MH	150	Kwajalein Atoll	0		
7303503	MH	160	Lae Atoll	0		
7303504	MH	180	Likiep Atoll	0		
7303505	MH	190	Majuro Atoll	45701	Pacific/Majuro	
7303506	MH	300	Maloelap Atoll	0		
7303507	MH	320	Mili Atoll	0		
7303508	MH	330	Namdrik Atoll	0		
7303509	MH	340	Namu Atoll	0		
7303510	MH	350	Rongelap Atoll	0		
7303511	MH	360	Rongrik Atoll	0		
7303512	MH	385	Taka Atoll	0		
7303513	MH	073	Bokak Atoll	0		
7303514	MH	390	Ujae Atoll	0		
7303515	MH	400	Ujelang	0		
7303516	MH	410	Utrik Atoll	0		
7303517	MH	420	Wotho Atoll	0		
7303518	MH	430	Wotje Atoll	0		
7303519	MH	110	Jabat Island	0		
7303520	MH	130	Jemo Island	0		
7303521	MH	140	Kili Island	0		
7303522	MH	170	Lib Island	0		
7303523	MH	310	Mejit Island	0		
7303651	BT	23	Gasa	0		Gasa District
7303653	BT	24	Trashi Yangste	0		
7303686	PA	11	Embera	0		
7303688	PA	12	Ngöbe-Buglé Comarca	0		Comarca Ngäbe-Buglé|Ngoebe-Bugle Comarca
7303836	GD	10	Carriacou and Petite Martinique	0		
7303935	SN	16	Kaffrine	109398	Africa/Dakar	Diiwaanu Kafrin
7303936	SN	17	Kedougou	30051	Africa/Dakar	Kédougou
7303937	SN	18	Sédhiou	49750	Africa/Dakar	Diiwaanu Séeju|Sedhiou
7303939	BI	24	Bujumbura Mairie	769317	Africa/Bujumbura	Bujumbura Mairie Province|IProvense ya Bujumbura Mairie
7303940	BI	25	Bujumbura Rural	18104	Africa/Bujumbura	Bujumbura Rural Province|IProvense ya Bujumbura Rural
7309441	AS	030	Rose Island	0		Motu O Manu
7521295	PH	10	Northern Mindanao	2744608	Asia/Manila	Amianan a Mindanao|Amihanan nga Mindanao|Amihanang Mindanao|Hilagang Mindanao|Rehiyon Norteng Mindanao
7521296	PH	41	Mimaropa	964707	Asia/Manila	Katagalugan Nabagatnan-Nakatëndan|MIMAROPA
7521297	PH	02	Cagayan Valley	1045361	Asia/Manila	Durog sg Cagayán|Lambak ng Cagayan|Lupot sa Cagayan|Rehiyon Cagayan|Saug Cagayan|Siong han Cagayan|Tanap ti Cagayan|Valley na Cagayan
7521298	PH	12	Soccsksargen	3660551	Asia/Manila	
7521299	PH	13	Caraga	1400395	Asia/Manila	
7521300	PH	15	Cordillera	704953	Asia/Manila	Administratibo nga Rehiyon han Cordillera|Administratibong Rehiyon Kordilyera|Administratibong Rehiyon sa Cordillera|Cordillera Administrative Region|Kakordilyerahan|Rehion Administratibo ti Kordiliera|Rehiyong Administratibo ng Cordillera
7521301	PH	01	Ilocos	1553111	Asia/Manila	Ilocos Region|Ilocos nga Rehiyon|Labuad Ilocos|Rehion ti Ilocos|Rehiyon Ilocos|Rehiyon ng Ilocos|Rehiyon sa Ilocos
7521303	PH	40	Calabarzon	10149661	Asia/Manila	
7521304	PH	06	Western Visayas	3580123	Asia/Manila	Albugan Visayas|Kanlurang Kabisayaan|Kasadpang Kabisay-an|Katundan nga Kabisay-an|Lumaud a Visayas|Rehiyon Sulnopan na Visayas
7521305	PH	03	Central Luzon	8581006	Asia/Manila	Butnga nga Luzon|Gitnang Luzon|Kalibudtarang Luzon|Pegley na Luzon|Rehiyon Sentral na Luzon|Tengnga a Luzon|Tunga-tungang Luzon
7521306	PH	07	Central Visayas	3777249	Asia/Manila	Butnga nga Kabisay-an|Gitnang Kabisayaan|Kalibudtang Visayas|Rehiyon Sentral na Visayas|Tengnga a Visayas|Tunga-tungang Kabisay-an
7521307	PH	08	Eastern Visayas	1244211	Asia/Manila	Aslagan Visayas|Daya a Visayas|Region VIII|Rehiyon Subangan na Visayas|Sidlakang Kabisay-an|Silangang Kabisayaan|Sinirangan nga Kabisay-an
7521308	PH	09	Zamboanga Peninsula	1690128	Asia/Manila	Peninsula han Zamboanga|Peninsula kan Zamboanga|Peninsula ti Zamboanga|Tangway ng Zamboanga|Zamboanga
7521309	PH	11	Davao Region	3161675	Asia/Manila	Davao nga Rehiyon|Kadabawan|Kadabáwan|Rehion ti Davao|Rehiyon Davao
7521310	PH	05	Bicol Region	1731392	Asia/Manila	Bicol|Bicol nga Rehiyon|Bikol|Labuad Bicol|Rehion ti Bicol|Rehiyon Bikol|Rehiyon ng Bikol
7521311	PH	NCR	National Capital Region	15427284	Asia/Manila	
7521313	IE	C	Connacht	106518	Europe/Dublin	Connachta|Cúige Chonnacht
7521314	IE	L	Leinster	2069207	Europe/Dublin	Cúige Laighean
7521315	IE	M	Munster	522484	Europe/Dublin	Cúige Mumhan
7521316	IE	U	Ulster	22549	Europe/Dublin	Cúige Uladh
7521379	KI	03	Phoenix Islands	0		
7521415	NC	03	Loyalty Islands	0		Îles Loyauté
7521421	YT	97601	Acoua	0		
7521422	YT	97602	Bandraboua	0		
7521423	YT	97603	Bandrele	0		
7521424	YT	97604	Bouéni	0		Boueni
7521425	YT	97605	Chiconi	0		
7521426	YT	97606	Chirongui	0		
7521427	YT	97607	Dembeni	0		
7521428	YT	97608	Dzaoudzi	33078	Indian/Mayotte	
7521429	YT	97609	Kani-Kéli	0		Kani-Keli
7521430	YT	97610	Koungou	18118	Indian/Mayotte	
7521431	YT	97611	Mamoudzou	87771	Indian/Mayotte	
7521432	YT	97612	Mtsamboro	0		
7521433	YT	97613	M'Tsangamouji	0		
7521434	YT	97614	Ouangani	0		
7521435	YT	97615	Pamandzi	0		
7521436	YT	97616	Sada	0		
7521437	YT	97617	Tsingoni	0		
7521757	SJ	21	Svalbard	2368	Arctic/Longyearbyen	
7521937	TT	CHA	Chaguanas	67433	America/Port_of_Spain	
7521938	TT	CTT	Couva-Tabaquite-Talparo	0		
7521939	TT	DMN	Diego Martin Regional Corporation	25370	America/Port_of_Spain	Diego Martin|Diego Martín
7521941	TT	PED	Penal/Debe	0		Penal-Debe
7521942	TT	PRT	Princes Town	0		
7521943	TT	PTF	Point Fortin	19056	America/Port_of_Spain	
7521944	TT	SGE	Sangre Grande Regional Corporation	15968	America/Port_of_Spain	Sangre Grande
7521945	TT	SIP	Siparia Regional Corporation	0		Siparia
7521946	TT	SJL	San Juan/Laventille	21000	America/Port_of_Spain	San Juan-Laventille
7521947	TT	TUP	Tunapuna/Piarco	32825	America/Port_of_Spain	Tunapuna-Piarco
7533598	HK	HCW	Central and Western	1045496	Asia/Hong_Kong	
7533607	HK	HWC	Wan Chai	195855	Asia/Hong_Kong	Wan Chai District
7533608	HK	HEA	Eastern District	205542	Asia/Hong_Kong	
7533609	HK	HSO	Southern District	438764	Asia/Hong_Kong	
7533610	HK	KYT	Yau Tsim Mong District	187322	Asia/Hong_Kong	
7533611	HK	KSS	Sham Shui Po District	737741	Asia/Hong_Kong	
7533612	HK	KKC	Kowloon City	1039749	Asia/Hong_Kong	Kowloon City District
7533613	HK	KWT	Wong Tai Sin District	691394	Asia/Hong_Kong	
7533614	HK	KKT	Kwun Tong District	198874	Asia/Hong_Kong	
7533615	HK	NKT	Kwai Tsing District	566336	Asia/Hong_Kong	
7533616	HK	NTM	Tuen Mun	559209	Asia/Hong_Kong	Tuen Mun District
7533617	HK	NNO	North District	283714	Asia/Hong_Kong	
7533618	HK	NST	Sha Tin	1083748	Asia/Hong_Kong	Sha Tin District
7601979	TV	NIT	Niutao	0		
7601980	TV	NMG	Nanumanga	0		
7601981	TV	VAI	Vaitupu	0		
7601982	TV	NKF	Nukufetau	0		
7601983	TV	NKL	Nukulaelae	0		
7602005	GL	04	Kujalleq	0		Kommune Kujalleq|Kujalleq Kommune
7602006	GL	06	Qeqqata	0		Qeqqata Kommune|Qeqqata Kommunia
7602007	GL	07	Sermersooq	14798	America/Nuuk	Kommuneqarfik Sermersooq|Sermersooq Kommune
7602688	LY	79	Al Butnan	141499	Africa/Tripoli	
7602689	LY	80	Jabal al Gharbi	166403	Africa/Tripoli	Jabal al Gharbi District|distretto di al-Jabal al-Gharbi
7602690	LY	81	Al Jafarah	310233	Africa/Tripoli	
7602691	LY	82	Al Marqab	345392	Africa/Tripoli	
7602692	LY	83	Al Wahat	184088	Africa/Tripoli	
7602693	LY	84	Wadi al Hayat	57018	Africa/Tripoli	
7602866	TD	23	Borkou	44011	Africa/Ndjamena	Borkou Region|Région du Borkou
7602868	CV	21	Porto Novo	0		Porto Novo Municipality
7602869	CV	22	Ribeira Brava	0		Ribeira Brava Municipality
7602870	CV	24	Santa Catarina do Fogo	0		Santa Catarina do Fogo Municipality
7602871	CV	26	São Salvador do Mundo	0		Sao Salvador do Mundo|São Salvador do Mundo Municipality
7602872	CV	27	Tarrafal de São Nicolau	0		Tarrafal de Sao Nicolau|Tarrafal de São Nicolau Municipality
7602873	CV	25	São Lourenço dos Órgãos	0		Concelho de São Lourenço dos Órgãos|Sao Lourenco dos Orgaos
7603036	KE	43	Nyandarua County	139033	Africa/Nairobi	Kaunti ya Nyandarua
7603251	TD	18	Hadjer-Lamis	94440	Africa/Ndjamena	Hadjer-Lamis Region|Province de Hadjer-Lamis|Région de Hadjer-Lamis|Région du Hadjer-Lamis
7603252	TD	19	Mandoul	108505	Africa/Ndjamena	Mandoul Region|Province du Mandoul|Région du Mandoul
7603253	TD	20	Mayo-Kebbi Ouest	120530	Africa/Ndjamena	Mayo-Kebbi Ouest Region|Région du Mayo-Kébbi Ouest
7603254	TD	21	N’Djaména	1359526	Africa/Ndjamena	N'Djamena|N’Djaména Region|Région de la Ville de N'Djaména|Ville de N'Djamena|Ville de N'Djaména
7603255	TD	22	Barh el Gazel	35100	Africa/Ndjamena	Barh el Gazel Region|Barh-El-Gazel|Province du Barh-El-Gazel|Région du Barh el Gazel
7603257	TD	25	Sila	58941	Africa/Ndjamena	Province du Sila|Région du Sila|Sila Region
7603258	TD	26	Tibesti	0		Région du Tibesti|Tibesti Region
7603259	EG	28	Luxor	496737	Africa/Cairo	Louxor|Luxor Governorate
7603281	CV	23	Ribeira Grande de Santiago	0		Ribeira Grande de Santiago Municipality
7609816	BQ	BO	Bonaire	10620	America/Kralendijk	Boneiru|Entidat Públiko Boneiru|Openbaar Lichaam Bonaire
7610358	BQ	SB	Saba	0		Openbaar Lichaam Saba|Public Entity Saba
7610359	BQ	SE	Sint Eustatius	0		Openbaar Lichaam Sint Eustatius|Public Entity Sint Eustatius|Statia
7628319	LV	95	Mārupe	19096	Europe/Riga	Marupe|Mārupes Novads
7628320	LV	A2	Olaine	0		Olaine Municipality|Olaines Novads|Uolainės savivaldybė
7628322	LV	80	Ķekava	0		Kekava|Kekavos savivaldybė|Ķekava Municipality|Ķekavas Novads
7628323	LV	C3	Salaspils Municipality	17826	Europe/Riga	Salaspilio savivaldybė|Salaspils|Salaspils novads
7628327	LV	34	Ādaži	0		Adazi|Ādaži Municipality|Ādažu Novads
7628341	LV	90	Līvāni	0		Livani|Lyvanų savivaldybė|Līvāni Municipality|Līvānu Novads
7628342	LV	E1	Varakļāni Municipality	0		Varaklani Municipality|Varaklianų savivaldybė|Varakļāni|Varakļānu novads
7628359	LV	B5	Ropaži Municipality	0		Ropazi Municipality|Ropaži|Ropaži municipality|Ropažu novads|Ruopažų savivaldybė
7628362	LV	C7	Sigulda Municipality	0		Sigulda|Siguldas novads
7628366	LV	C5	Saulkrasti Municipality	0		Saulkrasti|Saulkrastu novads
7628380	LV	D1	Smiltene Municipality	0		Smiltene|Smiltenes novads
7647525	KH	31	Tboung Khmum	69959	Asia/Phnom_Penh	Tboung Khmum Province
7648907	IR	44	Alborz Province	2196337	Asia/Tehran	Elborz
7667638	KE	53	Vihiga County	60000	Africa/Nairobi	Kaunti ya Vihiga
7667643	KE	30	Lamu	25385	Africa/Nairobi	
7667644	KE	31	Machakos County	570721	Africa/Nairobi	Kaunti ya Machakos
7667645	KE	32	Makueni County	73769	Africa/Nairobi	Kaunti ya Makueni
7667646	KE	14	Elegeyo-Marakwet	42000	Africa/Nairobi	Marakwet District
7667652	KE	47	Taita Taveta	75371	Africa/Nairobi	
7667657	KE	19	Kajiado County	530909	Africa/Nairobi	Wilaya ya Kajiado
7667661	KE	44	Nyeri County	142926	Africa/Nairobi	Kaunti ya Nyeri
7667665	KE	17	Homa Bay County	81711	Africa/Nairobi	Wilaya ya Homa Bay
7667666	KE	11	Bomet County	0		Wilaya ya Bomet
7667678	KE	36	Migori County	155256	Africa/Nairobi	Wilaya ya Migori
7668021	TO	EU	ʻEua	0		'Eua
7668055	TO	NI	Niuas	0		
7668824	CU	AR	Artemisa	375377	America/Havana	Artemisa Province|Provincia de Artemisa
7668827	CU	MA	Mayabeque	243108	America/Havana	Mayabeque Province|Provincia de Mayabeque
7668902	KE	39	Nakuru County	1020834	Africa/Nairobi	Wilaya ya Nakuru
7668904	KE	41	Narok County	65430	Africa/Nairobi	Kaunti ya Narok
7670842	MG	71	Diana	368285	Indian/Antananarivo	
7670846	MG	72	Sava	245910	Indian/Antananarivo	
7670847	MG	42	Sofia	179656	Indian/Antananarivo	
7670848	MG	32	Analanjirofo	265002	Indian/Antananarivo	
7670849	MG	41	Boeny	373773	Indian/Antananarivo	
7670850	MG	43	Betsiboka	53905	Indian/Antananarivo	
7670851	MG	33	Alaotra Mangoro	233747	Indian/Antananarivo	
7670852	MG	44	Melaky	81889	Indian/Antananarivo	
7670853	MG	14	Bongolava	66692	Indian/Antananarivo	
7670854	MG	12	Vakinankaratra	487658	Indian/Antananarivo	
7670855	MG	13	Itasy	146492	Indian/Antananarivo	
7670856	MG	11	Analamanga	1570509	Indian/Antananarivo	
7670857	MG	31	Atsinanana	474382	Indian/Antananarivo	
7670902	MG	54	Menabe	102198	Indian/Antananarivo	
7670904	MG	22	Amoron'i Mania	114080	Indian/Antananarivo	
7670905	MG	21	Upper Matsiatra	264490	Indian/Antananarivo	Haute Matsiatra|Matsiatra Supérieur
7670907	MG	24	Ihorombe	64182	Indian/Antananarivo	
7670908	MG	25	Atsimo-Atsinanana	124486	Indian/Antananarivo	
7670910	MG	53	Anosy	138313	Indian/Antananarivo	
7670911	MG	52	Androy	165026	Indian/Antananarivo	
7670913	MG	51	Atsimo-Andrefana	368474	Indian/Antananarivo	
7671048	BD	87	Rangpur Division	1882096	Asia/Dhaka	
7671049	LK	38	Northern Province	462083	Asia/Colombo	Uturu|Vaṭa
7733156	MP	085	Northern Islands	0		
7733358	KW	09	Mubārak al Kabīr	139163	Asia/Kuwait	Mubarak al Kabir
7779061	RU	93	Zabaykalskiy (Transbaikal) Kray	486311	Asia/Chita	Transbaikal Territory|Zabaykal’skiy (Transbaikal) Kray
7806857	KE	42	Nyamira county	24483	Africa/Nairobi	Wilaya ya Nyamira
8030540	QA	13	Al Daayen	252939	Asia/Qatar	
8030541	BS	36	Black Point	0		
8030542	BS	37	Central Abaco	0		
8030543	BS	38	Central Andros	0		
8030544	BS	39	Central Eleuthera	0		
8030545	BS	40	Crooked Island and Long Cay	0		
8030546	BS	41	East Grand Bahama	0		
8030547	BS	42	Grand Cay	0		
8030548	BS	43	Hope Town	0		
8030549	BS	44	Mangrove Cay	0		Mangrove Cay District
8030550	BS	45	Moore’s Island	0		Moore's Island
8030551	BS	46	North Abaco	0		
8030552	BS	47	North Andros	0		
8030553	BS	48	North Eleuthera	0		North Eleuthera District
8030554	BS	49	Rum Cay	0		Rum Cay District
8030555	BS	50	South Abaco	0		
8030556	BS	51	South Andros	0		South Andros District
8030557	BS	52	South Eleuthera	0		South Eleuthera District
8030558	BS	53	Spanish Wells	0		
8030559	BS	54	West Grand Bahama	0		
8051212	KE	40	Nandi	41997	Africa/Nairobi	
8133521	LK	37	Eastern Province	428762	Asia/Colombo	Kiḻakku
8133579	SI	N9	Municipality of Apače	0		Municipality of Apace|Občina Apače
8133580	SI	O1	Municipality of Cirkulane	0		Občina Cirkulane
8133581	SI	O3	Municipality of Kostanjevica na Krki	0		Občina Kostanjevica na Krki
8133582	SI	O4	Log–Dragomer	0		Log-Dragomer|Občina Log - Dragomer
8133583	SI	O5	Municipality of Makole	0		Občina Makole
8133584	SI	O7	Municipality of Mokronog–Trebelno	0		Municipality of Mokronog-Trebelno|Občina Mokronog - Trebelno
8133585	SI	O8	Municipality of Poljčane	0		Municipality of Poljcane|Občina Poljčane
8133586	SI	O9	Municipality of Rečica ob Savinji	0		Municipality of Recica ob Savinji|Občina Rečica ob Savinji
8133587	SI	P1	Municipality of Renče–Vogrsko	0		Municipality of Rence-Vogrsko
8133588	SI	P4	Municipality of Središče ob Dravi	0		Municipality of Sredisce ob Dravi|Občina Središče ob Dravi
8133589	SI	P5	Municipality of Straža	0		Municipality of Straza|Občina Straža
8133590	SI	P6	Municipality of Sveta Trojica v Slovenskih Goricah	0		Občina Sveta Trojica v Slovenskih goricah
8133591	SI	P8	Municipality of Sveti Tomaž	0		Municipality of Sveti Tomaz|Občina Sveti Tomaž
8133592	SI	P2	Municipality of Šentrupert	0		Municipality of Sentrupert|Občina Šentrupert
8133593	SI	P3	Municipality of Šmarješke Toplice	0		Municipality of Smarjeske Toplice|Občina Šmarješke Toplice
8133594	TH	81	Bueng Kan	16493	Asia/Bangkok	Bueng Kan Province|Changwat Bueng Kan
8239588	MM	18	Nay Pyi Taw	1052617	Asia/Yangon	
8260673	UG	E	Eastern Region	1166350	Africa/Kampala	Mkoa wa Mashariki
8260674	UG	N	Northern Region	956614	Africa/Kampala	Mkoa wa Kaskazini
8260675	UG	W	Western Region	2023128	Africa/Kampala	Mkoa wa Magharibi
8299700	MT	01	Attard	0		Ħ’Attard
8299701	MT	02	Balzan	0		Ħal Balzan
8299702	MT	03	Il-Birgu	0		Birgu
8299703	MT	04	Birkirkara	24356	Europe/Malta	
8299704	MT	05	Birżebbuġa	0		Birzebbuga
8299705	MT	06	Bormla	0		
8299706	MT	07	Dingli	0		Ħad-Dingli
8299707	MT	08	Il-Fgura	0		Fgura
8299708	MT	09	Floriana	0		Il-Furjana
8299709	MT	10	Il-Fontana	0		Fontana
8299710	MT	11	Ghajnsielem	0		Għajnsielem
8299711	MT	12	L-Għarb	0		Għarb|L-Gharb
8299712	MT	13	Ħal Għargħur	0		Għargħur|Hal Gharghur
8299713	MT	14	L-Għasri	0		Għasri|L-Ghasri
8299714	MT	15	Ħal Għaxaq	0		Għaxaq|Hal Ghaxaq
8299715	MT	16	Il-Gudja	0		Gudja
8299716	MT	17	Il-Gżira	0		Gżira|Il-Gzira
8299717	MT	18	Il-Ħamrun	0		Il-Hamrun|Ħamrun
8299718	MT	19	L-Iklin	0		Iklin
8299719	MT	20	L-Imdina	0		Imdina
8299720	MT	21	L-Imġarr	0		Imġarr|L-Imgarr
8299721	MT	22	L-Imqabba	0		Imqabba
8299722	MT	23	L-Imsida	0		Imsida
8299723	MT	24	Mtarfa	0		Imtarfa|L-Imtarfa
8299724	MT	25	Senglea	0		Isla|L-Isla
8299725	MT	26	Il-Kalkara	0		Kalkara
8299726	MT	27	Ta’ Kerċem	0		Kerċem|Ta' Kercem
8299727	MT	28	Kirkop	0		Ħal Kirkop
8299728	MT	29	Lija	0		Ħal Lija
8299729	MT	30	Luqa	0		Ħal Luqa
8299730	MT	31	Il-Marsa	0		Marsa
8299731	MT	32	Marsaskala	0		
8299732	MT	33	Marsaxlokk	0		
8299733	MT	34	Il-Mellieħa	0		Il-Mellieha|Mellieħa
8299734	MT	35	Il-Mosta	23482	Europe/Malta	Mosta
8299735	MT	36	Il-Munxar	0		Munxar
8299736	MT	37	In-Nadur	0		Nadur
8299737	MT	38	In-Naxxar	0		Naxxar
8299738	MT	39	Paola	0		
8299739	MT	40	Pembroke	0		
8299740	MT	41	Tal-Pietà	0		Pietà|Tal-Pieta
8299741	MT	42	Il-Qala	0		Qala
8299742	MT	43	Qormi	16801	Europe/Malta	Ħal Qormi
8299743	MT	44	Il-Qrendi	0		Qrendi
8299744	MT	45	Ir-Rabat	0		Rabat
8299745	MT	46	Victoria	0		Ir-Rabat|Ir-Rabat Għawdex
8299746	MT	47	Safi	0		Ħal Safi
8299747	MT	48	Saint John	0		San Ġwann|St. John
8299748	MT	49	Saint Julian	0		San Ġiljan|St. Julian
8299749	MT	50	Saint Lawrence	0		San Lawrenz|St Lawrence
8299750	MT	51	Saint Lucia	0		Santa Luċija|St. Lucia
8299751	MT	52	Saint Paul’s Bay	32042	Europe/Malta	Saint Paul's Bay|San Pawl il-Baħar|St. Paul’s Bay
8299752	MT	53	Saint Venera	0		Santa Venera|St. Venera
8299753	MT	54	Sannat	0		Ta’ Sannat
8299754	MT	55	Is-Siġġiewi	0		Is-Siggiewi|Siġġiewi
8299755	MT	56	Tas-Sliema	22591	Europe/Malta	Sliema
8299756	MT	57	Is-Swieqi	0		Swieqi
8299757	MT	58	Tarxien	0		Ħal Tarxien
8299758	MT	59	Ta’ Xbiex	0		Ta' Xbiex
8299759	MT	61	Ix-Xagħra	0		Ix-Xaghra|Xagħra
8299760	MT	62	Ix-Xewkija	0		Xewkija
8299761	MT	63	Ix-Xgħajra	0		Ix-Xghajra|Xgħajra
8299762	MT	64	Ħaż-Żabbar	15648	Europe/Malta	Haz-Zabbar|Żabbar
8299763	MT	65	Ħaż-Żebbuġ	0		Haz-Zebbug|Żebbuġ
8299764	MT	66	Iż-Żebbuġ	0		Iz-Zebbug|Żebbuġ
8299765	MT	67	Iż-Żejtun	0		Iz-Zejtun|Żejtun
8299766	MT	68	Iż-Żurrieq	0		Iz-Zurrieq|Żurrieq
8299784	ET	SI	Sidama Region	644300	Africa/Addis_Ababa	Sidaamu
8334638	MT	60	Valletta	6794	Europe/Malta	Il-Belt Valletta
8335085	GN	B	Boké Region	462954	Africa/Conakry	Boke Region|Boké
8335086	GN	F	Faranah	370948	Africa/Conakry	
8335087	GN	K	Kankan Region	503226	Africa/Conakry	Kankan
8335088	GN	D	Kindia	699693	Africa/Conakry	Région de Kindia
8335089	GN	L	Labé Region	158324	Africa/Conakry	Labe Region|Labé
8335090	GN	M	Mamou Region	104464	Africa/Conakry	région de Mamou
8335091	GN	N	Nzérékoré Region	442714	Africa/Conakry	Nzerekore Region|Nzérékoré
8394433	OM	12	Northeastern Governorate	43744	Asia/Muscat	Ash Sharqiyah North Governorate
8394434	OM	11	Al Batinah North	480021	Asia/Muscat	Al Batinah North Governorate
8394435	SD	60	Eastern Darfur	313700	Africa/Khartoum	East Darfur|East Darfur State|Eastern Darfur State
8394436	SD	61	Central Darfur	35061	Africa/Khartoum	Central Darfur State
8394437	KR	22	Sejong-si	394630	Asia/Seoul	Sejong
8469236	SI	P7	Municipality of Sveti Jurij v Slovenskih Goricah	0		Občina Sveti Jurij v Slovenskih goricah
8469238	TZ	31	Simiyu	478895	Africa/Dar_es_Salaam	Mkoa wa Simiyu|Simiyu Region
8469239	TZ	28	Geita	779458	Africa/Dar_es_Salaam	Geita Region|Mkoa wa Geita
8469240	TZ	29	Katavi	222080	Africa/Dar_es_Salaam	Katavi Region|Mkoa wa Katavi
8469241	TZ	30	Njombe	261847	Africa/Dar_es_Salaam	Mkoa wa Njombe|Njombe Region
8521658	PG	21	Hela Province	0		
8521660	PG	22	Jiwaka Province	0		
8604684	ID	42	North Kalimantan	415749	Asia/Makassar	Kalimantan Utara
8604857	TD	28	Ennedi-Ouest	17240	Africa/Ndjamena	Ennedi Ouest|Ennedi-Ouest Region|Province de l'Ennedi-Ouest|Région de l'Ennedi-Ouest
8604858	TD	27	Ennedi-Est	29793	Africa/Ndjamena	Ennedi Est|Ennedi-Est Region|Province de l'Ennedi-Est|Région de l'Ennedi-Est
8693188	NA	40	Kavango East	95813	Africa/Windhoek	Kavango-Ost|Kawango-Oos
8693189	NA	41	Kavango West	0		Kavango-West|Kawango-Wes
8986279	SI	O2	Gorje	0		Municipality of Gorje|Občina Gorje
8989934	GG	8989934	Alderney	0		
9259067	SB	14	Honiara	128546	Pacific/Guadalcanal	
9611689	AX	211	Mariehamn	10682	Europe/Mariehamn	
9611692	AX	212	Ålands landsbygd	0		Alands landsbygd
9611694	AX	213	Ålands skärgård	0		Alands skaergard
9645387	YE	28	Soqatra	0		Soqatra Governorate
9782164	IM	9782164	Andreas	0		
9782165	IM	9782165	Arbory	0		Cairbre
9782166	IM	9782166	Ballaugh	0		Balley ny Loughey
9782167	IM	9782167	Braddan	0		
9782168	IM	9782168	Bride	0		Skeerey Vreeshey
9782169	IM	9782169	Castletown	0		Balley Chashtal
9782170	IM	9782170	Douglas	26218	Europe/Isle_of_Man	Doolish
9782171	IM	9782171	German	0		Carmane
9782172	IM	9782172	Jurby	0		Jourbee
9782173	IM	9782173	Laxey	0		Laksaa
9782176	IM	9782176	Lezayre	0		
9782180	IM	9782180	Lonan	0		Skyll Lonan
9782182	IM	9782182	Malew	0		
9782183	IM	9782183	Marown	0		
9782184	IM	9782184	Maughold	0		
9782185	IM	9782185	Michael	0		Sheadin Skylley Maayl
9782186	IM	9782186	Onchan	0		Kione Droghad
9782187	IM	9782187	Patrick	0		
9782188	IM	9782188	Peel	0		
9782189	IM	9782189	Port Erin	0		Purt Çhiarn
9782190	IM	9782190	Port St Mary	0		Purt le Moirrey
9782191	IM	9782191	Ramsey	0		Rhumsaa
9782192	IM	9782192	Rushen	0		Rosien
9782193	IM	9782193	Santon	0		
10096138	XK	10096138	Ferizaj	94504	Europe/Belgrade	Ferizaj District|Uroševački okrug
10096859	XK	10096859	Gjakova	166707	Europe/Belgrade	Gjakova District|Đakovički okrug
10097357	XK	10097357	Gjilan	98871	Europe/Belgrade	Gjilan District|Gnjilanski okrug
10097358	XK	10097358	Mitrovica	173696	Europe/Belgrade	Mitrovica District
10097359	XK	10097359	Pec	88962	Europe/Belgrade	Pećki okrug
10097360	XK	10097360	Pristina	659733	Europe/Belgrade	Pristina Districte|Prištinski okrug
10097361	XK	10097361	Prizren	298556	Europe/Belgrade	Prizren District|Prizrenski okrug
10300944	KG	10	Osh City	0		
10346475	MV	10346475	Southern Ari Atoll	0		
10346796	KY	10346796	George Town	29370	America/Cayman	
10375968	KY	10375968	West Bay	15335	America/Cayman	
10375969	KY	10375969	Bodden Town	0		
10375970	KY	10375970	North Side	0		
10375971	KY	10375971	East End	0		
10375972	KY	10375972	Sister Island	0		
10629377	CI	98	Yamoussoukro	0		
11071619	FR	27	Bourgogne-Franche-Comté	804396	Europe/Paris	Borgogne-Franche-Comtât|Borgoina-Franche-Comté|Borgonha Franca Comtat|Borgonya-Franc Comtat|Bourgogne-Franche-Comte
11071620	FR	75	New Aquitaine	1809101	Europe/Paris	Akitania Berria|Nouvelle-Aquitaine|Nòva Aquitània
11071621	FR	28	Normandy	988834	Europe/Paris	Normandi|Normandia|Normandie
11071622	FR	44	Grand Est	1760674	Europe/Paris	Ekialde Handia|Gran Est|Grand Èst|Reter-Meur
11071623	FR	76	Occitanie	1916668	Europe/Paris	Occitània|Région Occitanie|Région Occitanie (Pyrénées-Méditerranée)
11071624	FR	32	Hauts-de-France	2221476	Europe/Paris	Alta Francia|Alts de França|Frantzia Garaia|Nauts de França
11071625	FR	84	Auvergne-Rhône-Alpes	3229382	Europe/Paris	Alvernia-Rodanu-Alpi|Alvèrnia-Roine-Alps|Arvern-Ron-Alpoù|Auvergne-Rhone-Alpes|Auvernia-Rodano-Alpeak|Auvèrnhe-Ròse-Aups|Ôvèrgne-Rôno-Arpes
11124984	TZ	32	Songwe	344309	Africa/Dar_es_Salaam	Mkoa wa Songwe|Songwe Region
11153052	CI	76	Bas-Sassandra District	1312038	Africa/Abidjan	District du Bas-Sassandra
11153053	CI	94	Comoé District	651387	Africa/Abidjan	Comoe District|District du Comoé
11153054	CI	77	Denguélé District	54669	Africa/Abidjan	Denguele District|District du Denguélé
11153055	CI	95	Goh-Djiboua	792126	Africa/Abidjan	District du Gôh-Djiboua
11153056	CI	81	Lacs District	546725	Africa/Abidjan	District des Lacs
11153057	CI	82	Lagunes District	630821	Africa/Abidjan	District des Lagunes
11153058	CI	78	Montagnes	1113843	Africa/Abidjan	District des Montagnes
11153059	CI	96	Sassandra-Marahoue	1293131	Africa/Abidjan	District du Sassandra-Marahoué
11153060	CI	87	Savanes District	838426	Africa/Abidjan	District des Savanes
11153061	CI	90	Vallée du Bandama District	1046910	Africa/Abidjan	District de la Vallée du Bandama|Vallee du Bandama District
11153062	CI	97	Woroba	201404	Africa/Abidjan	District du Woroba
11153063	CI	92	Zanzan District	511000	Africa/Abidjan	District du Zanzan
11153151	CI	93	Abidjan Autonomous District	8504331	Africa/Abidjan	
11154503	ZM	10	Muchinga	225391	Africa/Lusaka	
11184798	BI	26	Rumonge	55599	Africa/Bujumbura	IProvense ya Rumonge|Rumonge Province
11205389	AI	11205389	Blowing Point	0		
11205392	AI	11205392	Sandy Ground	0		
11205393	AI	11205393	Sandy Hill	0		
11205396	AI	11205396	The Valley	2035	America/Anguilla	
11205433	AI	11205433	East End	0		
11205436	AI	11205436	North Hill	0		
11205437	AI	11205437	West End	0		
11205438	AI	11205438	South Hill	0		
11205439	AI	11205439	The Quarter	0		
11205440	AI	11205440	North Side	0		
11205441	AI	11205441	Island Harbour	0		
11205442	AI	11205442	George Hill	0		
11205443	AI	11205443	Stoney Ground	0		
11205444	AI	11205444	The Farrington	0		
11281874	MA	01	Tanger-Tetouan-Al Hoceima	2647946	Africa/Casablanca	Tanger-Tétouan-Al Hoceïma
11281875	MA	02	Oriental	1407023	Africa/Casablanca	
11281876	MA	03	Fes-Meknes	2868151	Africa/Casablanca	Fès-Meknès
11281877	MA	04	Rabat-Salé-Kénitra	4666055	Africa/Casablanca	Rabat-Sale-Kenitra
11281878	MA	05	Beni Mellal-Khenifra	1243866	Africa/Casablanca	Béni Mellal-Khénifra
11281879	MA	06	Casablanca-Settat	5385191	Africa/Casablanca	
11281880	MA	07	Marrakesh-Safi	1988772	Africa/Casablanca	Marrakech-Safi
11281881	MA	08	Drâa-Tafilalet	443582	Africa/Casablanca	Draa-Tafilalet
11281882	MA	09	Souss-Massa	1875301	Africa/Casablanca	
11281884	MA	10	Guelmim-Oued Noun	240588	Africa/Casablanca	
11281885	MA	11	Laayoune-Sakia El Hamra	42056	Africa/Casablanca	Laâyoune-Sakia El Hamra
11281886	MA	12	Dakhla-Oued Ed-Dahab	0		
11287936	BD	H	Mymensingh Division	719647	Asia/Dhaka	
11288213	CD	14	Haut-Katanga	3200272	Africa/Lubumbashi	Haut-Katanga Province|Province du Haut-Katanga|Upper Katanga
11288214	CD	21	Lomami	709118	Africa/Lubumbashi	
11288215	CD	26	Nord-Ubangi	122174	Africa/Kinshasa	Province du Nord-Ubangi
11288216	CD	28	Sud-Ubangi	283161	Africa/Kinshasa	Province du Sud-Ubangi
11288217	SI	P9	Municipality of Ankaran	0		Ankaran|Občina Ankaran
11288255	SI	O6	Municipality of Mirna	0		Občina Mirna
11351387	LC	12	Canaries	0		
11353126	PA	13	Panamá Oeste Province	155191	America/Panama	Panama Oeste Province|Panamá Oeste|Provincia de Panamá Oeste
11395958	LA	28	Xaisomboun	0		
11398357	MK	F6	Grad Skopje	721211	Europe/Skopje	Skopje
11496391	MR	13	Nouakchott West	105851	Africa/Nouakchott	Nouakchott Ouest
11496392	MR	14	Nouakchott North	61089	Africa/Nouakchott	Nouakchott Nord
11496393	MR	15	Nouakchott South	0		Nouakchott Sud
11497642	ME	22	Gusinje Municipality	0		Guci|Gusinje|Komuna e Gucisë|Opština Gusinje
11497643	ME	23	Petnjica Municipality	0		Komuna e Petnjicës|Opština Petnjica|Petnjica
11695124	CK	11695124	Aitutaki	0		
11695126	CK	11695126	Atiu	0		
11695127	CK	11695127	Mangaia	0		
11695384	CK	11695384	Manihiki	0		
11695385	CK	11695385	Ma'uke	0		
11695386	CK	11695386	Mitiaro	0		
11695387	CK	11695387	Palmerston	0		
11695388	CK	11695388	Penrhyn	0		
11695389	CK	11695389	Pukapuka	0		
11695390	CK	11695390	Rakahanga	0		
11695425	CK	11695425	Rarotonga	13373	Pacific/Rarotonga	
11777514	QA	14	Al-Shahaniya	39457	Asia/Qatar	
11778168	BW	13	City of Francistown	103417	Africa/Gaborone	
11778169	BW	14	Gaborone	246325	Africa/Gaborone	
11778170	BW	15	Jwaneng	18784	Africa/Gaborone	
11778171	BW	16	Lobatse	29772	Africa/Gaborone	
11778172	BW	17	Selibe Phikwe	42488	Africa/Gaborone	
11778173	BW	18	Sowa Town	0		
11821181	IL	WE	Judea and Samaria Area	20540	Asia/Jerusalem	
11839534	GL	11839534	Qeqertalik	0		
11839537	GL	11839537	Avannaata	0		
11862827	NO	21	Trøndelag	252382	Europe/Oslo	Trondelag|Trøndelag fylke|Trøndelagin lääni|Trøndelága
11875154	MO	11875154	Nossa Senhora de Fátima	0		Nossa Senhora de Fatima
11875155	MO	11875155	Santo António	0		Santo Antonio
11875156	MO	11875156	São Lázaro	0		Sao Lazaro
11875157	MO	11875157	Sé	0		Se
11875158	MO	11875158	São Lourenço	0		Sao Lourenco
11875159	MO	11875159	Our Lady of Carmo	136051	Asia/Macau	Nossa Senhora do Carmo
11875160	MO	11875160	Cotai	0		
11875161	MO	11875161	Saint Francis Xavier	58509	Asia/Macau	São Francisco Xavier
11876017	SC	11876017	Outer Islands	0		
11919533	SL	05	North West	44900	Africa/Freetown	North West Province
11979367	CL	18	Ñuble	269003	America/Santiago	Nuble|Región de Ñuble|Ñuble Region
12070575	ML	12070575	Taoudénit	0		Taoudenit|Tawudeni
12070577	ML	12070577	Ménaka	18688	Africa/Bamako	Menaka|Ménaka Region
12095447	NP	1	Koshi	689329	Asia/Kathmandu	Koshi Province
12095448	NP	2	Madhesh	732308	Asia/Kathmandu	Madhesh Province
12095449	NP	3	Bagmati Province	2720905	Asia/Kathmandu	
12095450	NP	4	Gandaki Pradesh	645214	Asia/Kathmandu	
12095451	NP	5	Lumbini Province	540537	Asia/Kathmandu	
12095452	NP	6	Karnali Pradesh	175794	Asia/Kathmandu	
12095453	NP	7	Sudurpashchim Pradesh	409226	Asia/Kathmandu	
12096464	IN	41	Ladakh	78813	Asia/Kolkata	
12104729	ME	24	Tuzi Municipality	0		Komuna Tuz
12105069	GH	13	Bono	403202	Africa/Accra	
12105070	GH	16	Oti	22445	Africa/Accra	
12105071	GH	15	North East	17440	Africa/Accra	
12105072	GH	12	Ahafo	92009	Africa/Accra	
12105073	GH	14	Bono East	236138	Africa/Accra	
12105074	GH	17	Savannah	49016	Africa/Accra	
12105075	GH	18	Western North	36487	Africa/Accra	
12110596	NO	42	Agder	172170	Europe/Oslo	Agder fylke
12110598	NO	34	Innlandet	76086	Europe/Oslo	Innlandet fylke
12110600	NO	46	Vestland	393857	Europe/Oslo	Vestland fylke
12165662	IN	52	Dadra and Nagar Haveli and Daman and Diu	349179	Asia/Kolkata	
12168385	GQ	10	Djibloho	2000	Africa/Malabo	Distrito de Djibloho
12200079	SC	12200079	Ile Perseverance I	0		
12200080	SC	12200080	Ile Perseverance II	0		
12218240	IQ	19	Halabja	57333	Asia/Baghdad	Halabja Governorate|Parêzgeha Helebceyê
12226383	DZ	BB	Bordj Badji Mokhtar	0		
12226384	DZ	TM	Timimoun	22086	Africa/Algiers	
12226385	DZ	BA	Beni Abbes	0		
12226386	DZ	IG	In Guezzam	0		
12226387	DZ	IS	In Salah	32518	Africa/Algiers	
12226388	DZ	DJ	Djanet	0		
12226389	DZ	EM	El Menia	57344	Africa/Algiers	
12226390	DZ	TG	Touggourt	237072	Africa/Algiers	
12226391	DZ	MG	El Mghair	103760	Africa/Algiers	
12226392	DZ	OD	Ouled Djellal	97468	Africa/Algiers	
12276857	LV	DN	South Kurzeme Municipality	0		Dienvidkurzemes|Dienvidkurzemes novads|Pietų Kuršo savivaldybė
12276858	LV	AN	Augšdaugava Municipality	0		Augsdaugava Municipality|Augšdaugavas|Augšdaugavas novads|Aukštutinės Dauguvos savivaldybė
12494965	MG	26	Fitovinany Region	118323	Indian/Antananarivo	
12494968	MG	27	Vatovavy Region	108471	Indian/Antananarivo	
12503510	ID	PD	Southwest Papua	261990	Asia/Jayapura	Papua Barat Daya
12503511	ID	PT	Central Papua	278641	Asia/Jayapura	Central Papua Province|Provinsi Papua Tengah
12503512	ID	PE	Highland Papua	87404	Asia/Jayapura	Papua Pegunungan
12503513	ID	PS	South Papua	140733	Asia/Jayapura	Papua Selatan|Provinsi Papua Selatan|South Papua Province
12508964	PA	NT	Naso Tjër Di	0		Naso Tjer Di
12510143	KZ	12510143	Abai Region	367060	Asia/Almaty	
12510144	KZ	12510144	Zhetysu Region	275069	Asia/Almaty	
12510145	KZ	12510145	Ulytau Region	174139	Asia/Almaty	
12640530	ME	25	Zeta	0		
12902702	KP	14	Nampo	455000	Asia/Pyongyang	
12902703	KP	19	Kaesong	338155	Asia/Pyongyang	
12902745	CF	19	Mambéré	129032	Africa/Bangui	Mambere
12902746	CF	20	Ouham-Fafa	59718	Africa/Bangui	
12902747	CF	21	Lim-Pendé	47703	Africa/Bangui	Lim-Pende
12902749	ET	55	Central Ethiopia Regional State	792300	Africa/Addis_Ababa	
12902766	ET	56	South Ethiopia Regional State	1251010	Africa/Addis_Ababa	
12902784	ET	SW	South West Ethiopia Peoples' Region	293200	Africa/Addis_Ababa	
13494334	VN	15	Lao Cai	332308	Asia/Bangkok|Asia/Ho_Chi_Minh	
13494335	VN	19	Thai Nguyen	1003948	Asia/Bangkok|Asia/Ho_Chi_Minh	
13494344	VN	24	Bac Ninh	1416713	Asia/Bangkok|Asia/Ho_Chi_Minh	
13494345	VN	25	Phu Tho	926726	Asia/Bangkok	
13494346	VN	31	Hai Phong	3286458	Asia/Bangkok|Asia/Ho_Chi_Minh	Haiphong
13494347	VN	33	Hưng Yên Province	351745	Asia/Bangkok|Asia/Ho_Chi_Minh	Hung Yen Province
13494348	VN	37	Ninh Binh	904004	Asia/Bangkok	
13494350	VN	44	Quang Tri	537544	Asia/Bangkok|Asia/Ho_Chi_Minh	
13494351	VN	48	Da Nang City	2535972	Asia/Ho_Chi_Minh	Đà Nẵng
13494352	VN	51	Quang Ngai	710131	Asia/Ho_Chi_Minh	
13494353	VN	52	Gia Lai	1058487	Asia/Ho_Chi_Minh	
13494354	VN	56	Khanh Hoa	1209671	Asia/Ho_Chi_Minh	
13494355	VN	66	Dak Lak	924332	Asia/Ho_Chi_Minh	
13494356	VN	68	Lam Dong	1315954	Asia/Ho_Chi_Minh	
13494357	VN	75	Dong Nai	2085796	Asia/Ho_Chi_Minh	
13494358	VN	79	Ho Chi Minh City (HCMC)	20671360	Asia/Ho_Chi_Minh	Thành phố Hồ Chí Minh
13494359	VN	80	Tay Ninh	946518	Asia/Ho_Chi_Minh	
13494360	VN	82	Dong Thap	1142510	Asia/Ho_Chi_Minh	
13494361	VN	86	Vinh Long	587452	Asia/Ho_Chi_Minh	
13494362	VN	91	An Giang	2060651	Asia/Ho_Chi_Minh	
13494363	VN	92	Can Tho City	3127272	Asia/Ho_Chi_Minh	Cần Thơ
13494364	VN	96	Ca Mau	886571	Asia/Ho_Chi_Minh	
13494365	VN	08	Tuyen Quang	294966	Asia/Bangkok|Asia/Ho_Chi_Minh	
13645449	AO	CBG	Cubango	251178	Africa/Luanda	
13645450	AO	ICB	Icolo e Bengo Province	0		
13645451	AO	MLE	Moxico Leste Province	0		
13645452	AO	CUB	Cuando Province	0		
